name,price,url
TECLAST P25T Tablet Android 2GB RAM 32GB ROM 10.1 Inch IPS 1280 X 800 Android 11 OS 5000mAh Battery WiFi Only,135.0,https://www.jumia.com.ng/teclast-p25t-tablet-android-2gb-ram-32gb-rom-10.1-inch-ips-1280-x-800-android-11-os-5000mah-battery-wifi-only-118149573.html
"Atouch A105  10.1 Tablet 128GB Rom 4GB Ram,4G  Dual Sim  Bluetooth Keyboard",150.0,https://www.jumia.com.ng/atouch-a105-10.1-tablet-128gb-rom-4gb-ram4g-dual-sim-bluetooth-keyboard-202785463.html
"TECLAST M40PRO 10.1"" Android Tablet 6GB RAM 128GB ROM T618 Octa Core Dual 4G LTE 7000mAh BATTERY Android 10",244.0,https://www.jumia.com.ng/teclast-m40pro-10.1-android-tablet-6gb-ram-128gb-rom-t618-octa-core-dual-4g-lte-7000mah-battery-android-10-118175044.html
"Atouch A36 KIDS LEARNING TABLET 7 INCH, ANDROID 8.1 WI-FI, QUAD CORE, DUAL CAMERA (Red Pouch )",73.0,https://www.jumia.com.ng/atouch-a36-kids-learning-tablet-7-inch-android-8.1-wi-fi-quad-core-dual-camera-red-pouch-96085569.html?seller_product=1
TECLAST P80 Tablet PC - 2GB RAM 32GB ROM - 4000 MAh Battery - 8 Inches - Android 11 - WiFi Only - Online Class,110.0,https://www.jumia.com.ng/teclast-p80-tablet-pc-2gb-ram-32gb-rom-4000-mah-battery-8-inches-android-11-wifi-only-online-class-118116153.html
"Atouch Children Ipad 7 INCH, ANDROID 8.1 WI-FI, QUAD CORE, DUAL CAMERA (Red Pouch )",80.0,https://www.jumia.com.ng/atouch-children-ipad-7-inch-android-8.1-wi-fi-quad-core-dual-camera-red-pouch-211729849.html
"Discover Note 13 Plus - 10.1"", 128GB ROM + 4GB RAM, 5G, Dual SIM, 6000mah, Free Gifts Inside",160.0,https://www.jumia.com.ng/discover-note-13-plus-10.1-128gb-rom-4gb-ram-5g-dual-sim-6000mah-free-gifts-inside-212034824.html
"Atouch A105 Max Tablet PC - 10.1"", 256GB ROM, 6GB RAM, 5G, Dual SIM, Bluetooth Keyboard",161.0,https://www.jumia.com.ng/atouch-a105-max-tablet-pc-10.1-256gb-rom-6gb-ram-5g-dual-sim-bluetooth-keyboard-206607995.html
Maimeite MT1 10.1inch 4GB RAM+ 64GB ROM WIFI 4GLTE HD IPS Dual SIM GPS  Tablet PC Gold,169.0,https://www.jumia.com.ng/maimeite-mt1-10.1inch-4gb-ram-64gb-rom-wifi-4glte-hd-ips-dual-sim-gps-tablet-pc-gold-143126276.html
TECLAST P20HD 10.1’Full HD 4G Tablet Android 10 Gesture Navigation 64GB,194.0,https://www.jumia.com.ng/teclast-p20hd-10.1full-hd-4g-tablet-android-10-gesture-navigation-64gb-118081381.html
Lenovo Xiaoxin Pad 2022 10.61 Inch 4GB+ 64GB WIFI Edition Qualcomm Snapdragon 680 CPU 2K Full Screen 7700mAh Tablet PC,286.0,https://www.jumia.com.ng/lenovo-xiaoxin-pad-2022-10.61-inch-4gb-64gb-wifi-edition-qualcomm-snapdragon-680-cpu-2k-full-screen-7700mah-tablet-pc-204475563.html
"Maxim ​MatrixPad Ultra Slim Android 10 Tablet 10.1"" HD IPS Screen 4GLTE Dual SIM 4GB + 64GB Octa-Core - 5G WiFi - GPS - Black",154.0,https://www.jumia.com.ng/maxim-matrixpad-ultra-slim-android-10-tablet-10.1-hd-ips-screen-4glte-dual-sim-4gb-64gb-octa-core-5g-wifi-gps-black-128994347.html
"Maimeite MT3 Ultra Slim Tablet -10.1” (4GB RAM, 64GB ROM) 5MP Camera Dual SIM Card 4GLTE - 6000mAh-Gray",167.0,https://www.jumia.com.ng/maimeite-mt3-ultra-slim-tablet-10.1-4gb-ram-64gb-rom-5mp-camera-dual-sim-card-4glte-6000mah-gray-199294843.html
"Atouch New K96 3GB 32GB Android Kids Learning Eduacational Tablet,  Zoom Enable",88.0,https://www.jumia.com.ng/atouch-new-k96-3gb-32gb-android-kids-learning-eduacational-tablet-zoom-enable-96407178.html
"Samsung Galaxy Tab A7 Lite, 8.7-Inch 3GB RAM, 32GB ROM Android 11 8MP + 2MP Nano SIM  - Grey",275.0,https://www.jumia.com.ng/samsung-galaxy-tab-a7-lite-8.7-inch-3gb-ram-32gb-rom-android-11-8mp-2mp-nano-sim-grey-90972803.html
"Maimeite MT1 Ultra Slim Tablet -10.1” (4GB RAM, 64GB ROM) 5MP Camera Dual SIM Card 4GLTE - 6000mAh -  Gary",167.0,https://www.jumia.com.ng/maimeite-mt1-ultra-slim-tablet-10.1-4gb-ram-64gb-rom-5mp-camera-dual-sim-card-4glte-6000mah-gary-143131603.html
"Maimeite MT2 Ultra Slim Tablet -10.1” (4GB RAM, 64GB ROM) 5MP Camera Dual SIM Card 4GLTE - 6000mAh -  Gold",176.0,https://www.jumia.com.ng/maimeite-mt2-ultra-slim-tablet-10.1-4gb-ram-64gb-rom-5mp-camera-dual-sim-card-4glte-6000mah-gold-198243469.html
"Atouch Tablet A105 - 10.1"", 128GB ROM, 4GB RAM,4G, Dual SIM, Bluetooth Keyboard",138.0,https://www.jumia.com.ng/atouch-tablet-a105-10.1-128gb-rom-4gb-ram4g-dual-sim-bluetooth-keyboard-206542652.html
"Maimeite MT2 Ultra Slim Tablet -10.1” (4GB RAM, 64GB ROM) 5MP Camera Dual SIM Card 4GLTE - 6000mAh - Blue",167.0,https://www.jumia.com.ng/maimeite-mt2-ultra-slim-tablet-10.1-4gb-ram-64gb-rom-5mp-camera-dual-sim-card-4glte-6000mah-blue-198329406.html
"Atouch A36  KIDS 7"" LEARNING TABLET,2GB - 16GB ANDROID 8.1 WI-FI, QUAD CORE WITH DUAL CAMERA",70.0,https://www.jumia.com.ng/atouch-a36-kids-7-learning-tablet2gb-16gb-android-8.1-wi-fi-quad-core-with-dual-camera-130578205.html
"Atouch A105 10.1 Tablet 128GB Rom 5GB Ram,5G Dual Sim Bluetooth Keyboard",143.0,https://www.jumia.com.ng/atouch-a105-10.1-tablet-128gb-rom-5gb-ram5g-dual-sim-bluetooth-keyboard-203508096.html
"GENIUS KIDS G33 – 7″ – 16GB Storage, 2GB RAM – Android – Wi-fi Kids Tablet, Pre-installed Apps & Games Plus Free Thick Case - Blue",84.0,https://www.jumia.com.ng/genius-kids-g33-7-16gb-storage-2gb-ram-android-wi-fi-kids-tablet-pre-installed-apps-games-plus-free-thick-case-blue-123195392.html
"Nokia Tab T20 -10.4” (4GB RAM, 64GB ROM) Android 11 - 8MP Rear + 5MP Selfie - LTE - Single Sim - 8200mAh - Ocean Blue",429.0,https://www.jumia.com.ng/nokia-tab-t20-10.4-4gb-ram-64gb-rom-android-11-8mp-rear-5mp-selfie-lte-single-sim-8200mah-ocean-blue-87797855.html
"Discover Note 10 Plus - 10.1"", 128GB ROM + 4GB RAM, 5G, Dual SIM, 6000mah, Free Gifts Inside",147.0,https://www.jumia.com.ng/discover-note-10-plus-10.1-128gb-rom-4gb-ram-5g-dual-sim-6000mah-free-gifts-inside-212034830.html
"GENIUS KIDS G33 KIDS G33 – 7″ – 16GB Storage, 2GB RAM – Android – Wi-fi Kids Tablet, Pre-installed Apps & Games Plus Free Case - Pink",82.0,https://www.jumia.com.ng/genius-kids-g33-kids-g33-7-16gb-storage-2gb-ram-android-wi-fi-kids-tablet-pre-installed-apps-games-plus-free-case-pink-127843812.html
"New 10.1"" Tablet 6GB RAM -128GB ROM Eight-core 4G Full Netcom 5GWIFI Smooth Learning Online Class - Black",176.0,https://www.jumia.com.ng/generic-new-10.1-tablet-6gb-ram-128gb-rom-eight-core-4g-full-netcom-5gwifi-smooth-learning-online-class-black-133340915.html
10 .1 Inch Tablet PC RAM 6GB +ROM 64GB WiFi Bluetooth GPS Game - Blue,148.0,https://www.jumia.com.ng/generic-10-.1-inch-tablet-pc-ram-6gb-rom-64gb-wifi-bluetooth-gps-game-blue-204911707.html
Lenovo TianJiao Pad Tablet 11 Inch 6GB+128GB Android 11.0,392.0,https://www.jumia.com.ng/lenovo-tianjiao-pad-tablet-11-inch-6gb128gb-android-11.0-206298300.html
"Maimeite MT3 Ultra Slim Tablet -10.1” (4GB RAM, 64GB ROM) 5MP Camera Dual SIM Card 4GLTE - 6000mAh-WHITE",167.0,https://www.jumia.com.ng/maimeite-mt3-ultra-slim-tablet-10.1-4gb-ram-64gb-rom-5mp-camera-dual-sim-card-4glte-6000mah-white-199263782.html
"Maimeite MT3 Ultra Slim Tablet -10.1” (4GB RAM, 64GB ROM) 5MP Camera Dual SIM Card 4GLTE - 6000mAh-Green",167.0,https://www.jumia.com.ng/maimeite-mt3-ultra-slim-tablet-10.1-4gb-ram-64gb-rom-5mp-camera-dual-sim-card-4glte-6000mah-green-199371937.html
uLesson Edu Tablet + 1-year ULesson Subscription And FREE School Bag,321.0,https://www.jumia.com.ng/ulesson-edu-tablet-1-year-ulesson-subscription-and-free-school-bag-134310715.html
Blackview Tab 13 Tablet PC 10.1 Inch 6GB+128GB Android 12 Support Dual SIM / WiFi / Bluetooth,327.0,https://www.jumia.com.ng/blackview-tab-13-tablet-pc-10.1-inch-6gb128gb-android-12-support-dual-sim-wifi-bluetooth-201470602.html
Atouch Educational Children Kids Learning Tablet,77.0,https://www.jumia.com.ng/atouch-educational-children-kids-learning-tablet-207268936.html
"Samsung Galaxy Tab A8, 10.5 Inch - 3GB RAM, 32GB ROM 4G LTE, WiFi, Nano SIM",518.0,https://www.jumia.com.ng/samsung-galaxy-tab-a8-10.5-inch-3gb-ram-32gb-rom-4g-lte-wifi-nano-sim-130728279.html
"Lenovo Tab M10 (HD) 4GB RAM 64GB ROM 10.1"" Wi-Fi 4G Android 11+ Free Pouch",352.0,https://www.jumia.com.ng/lenovo-tab-m10-hd-4gb-ram-64gb-rom-10.1-wi-fi-4g-android-11-free-pouch-108247273.html
"10.1"" Tablet 8GB RAM-128GB ROM 4G Full Netcom 5GWifi - Blue",245.0,https://www.jumia.com.ng/generic-10.1-tablet-8gb-ram-128gb-rom-4g-full-netcom-5gwifi-blue-140482011.html
"S30 Tablet -8” (4GB RAM, 64GB ROM) 5MP Front +8MP Back Camera Dual SIM Card 3G/4G5GLTE - 6000mAh -  Black",101.0,https://www.jumia.com.ng/generic-s30-tablet-8-4gb-ram-64gb-rom-5mp-front-8mp-back-camera-dual-sim-card-3g4g5glte-6000mah-black-206664572.html
"C Idea 7 Inch Tablet,3GB+32GB Storage Androi Tab,5G LTE Tablet PC With SIM Slot For Gift,CM520(Red)",66.0,https://www.jumia.com.ng/c-idea-7-inch-tablet3gb32gb-storage-androi-tab5g-lte-tablet-pc-with-sim-slot-for-giftcm520red-211057067.html
"Samsung Galaxy Tab S7 FE 5G, 12.4-Inch 6GB RAM 128GB ROM Android 11 Nano SIM - Mystic Black/Silver",1087.0,https://www.jumia.com.ng/samsung-galaxy-tab-s7-fe-5g-12.4-inch-6gb-ram-128gb-rom-android-11-nano-sim-mystic-blacksilver-122917278.html
Lenovo Xiaoxin Pad Plus 2023 WiFi Tablet 11.5 Inch 6GB+128GB Android 12.0,614.0,https://www.jumia.com.ng/lenovo-xiaoxin-pad-plus-2023-wifi-tablet-11.5-inch-6gb128gb-android-12.0-206293081.html
"New 10.1"" Tablet 8GB RAM -128GB ROM 4G Full Netcom 5GWIFI Smooth - Pink",245.0,https://www.jumia.com.ng/generic-new-10.1-tablet-8gb-ram-128gb-rom-4g-full-netcom-5gwifi-smooth-pink-126435044.html
"Atouch Kids Learning Tablet 7Inch Android 8.1, 16G, Wi-Fi, Educational Tablet For Kids ( Pre-installed App,Games,)",78.0,https://www.jumia.com.ng/atouch-kids-learning-tablet-7inch-android-8.1-16g-wi-fi-educational-tablet-for-kids-pre-installed-appgames-200669955.html
"New 10.1"" Tablet 8GB RAM -128GB ROM 4G Full Netcom 5GWIFI Smooth - Blue",245.0,https://www.jumia.com.ng/generic-new-10.1-tablet-8gb-ram-128gb-rom-4g-full-netcom-5gwifi-smooth-blue-126435097.html
Boca 10.1 Inch Tablet Android 6 -Dual SIM Card +Leather Case,968.0,https://www.jumia.com.ng/10.1-inch-tablet-android-6-dual-sim-card-leather-case-boca-mpg312181.html
"Atouch Kids Learning Tablet 7Inch Android 8.1, 16G, Wi-Fi, Educational Tablet For Kids ( Pre-installed App,Games,) Blue Pouch",74.0,https://www.jumia.com.ng/kids-learning-tablet-7inch-android-6.1-16g-wi-fi-educational-tablet-for-kids-pre-installed-appgames-blue-pouch-atouch-mpg1625170.html
Atouch K91 Kids Learning Tablet 7inch Screen 2G Ram (Yellow Pouch),73.0,https://www.jumia.com.ng/k91-kids-learning-tablet-7inch-screen-2g-ram-yellow-pouch-atouch-mpg1596065.html
"Maimeite MT2 Ultra Slim Tablet -10.1” (4GB RAM, 64GB ROM) 5MP Camera Dual SIM Card 4GLTE - 6000mAh-WHITE",167.0,https://www.jumia.com.ng/maimeite-mt2-ultra-slim-tablet-10.1-4gb-ram-64gb-rom-5mp-camera-dual-sim-card-4glte-6000mah-white-197383798.html
"Wintouch K11 Kids Tablet-Dual Sim-10.1"" -1GB RAM-16GB ROM Plus Free Pouch Inside And Gifts",139.0,https://www.jumia.com.ng/wintouch-k11-kids-tablet-dual-sim-10.1-1gb-ram-16gb-rom-plus-free-pouch-inside-and-gifts-45351604.html
"10 Inch Kids/Adult Tablet  Andriod, WiFi, Dual Camera With Over 30 Pre-installed Learning Apps For Children+CASE",152.0,https://www.jumia.com.ng/generic-10-inch-kidsadult-tablet-andriod-wifi-dual-camera-with-over-30-pre-installed-learning-apps-for-childrencase-203895973.html
BEBE TAB UNBREAKABLE SCREEN KIDS TABLET 32GB ROM 3GB RAM With SIM,141.0,https://www.jumia.com.ng/bebe-tab-unbreakable-screen-kids-tablet-32gb-rom-3gb-ram-with-sim-202785573.html
"Blackview Tab 15, 10.5 Inch, 8GB+128GB Android 12 Unisoc T610 Octa Core Tablet",384.0,https://www.jumia.com.ng/blackview-tab-15-10.5-inch-8gb128gb-android-12-unisoc-t610-octa-core-tablet-214595759.html
"Samsung Galaxy Tab S8 5G: 11.0"", 8GB/128GB, 13/6MP+12MP/4K, Type-C W Magnetic Connector, Gorilla Glass 5, Stylus, 8000mAh",1837.0,https://www.jumia.com.ng/samsung-galaxy-tab-s8-5g-11.0-8gb128gb-136mp12mp4k-type-c-w-magnetic-connector-gorilla-glass-5-stylus-8000mah-171026306.html
"10.1"" Tablet 8GB RAM-128GB ROM 4G Full Netcom 5GWIFI-Silver",245.0,https://www.jumia.com.ng/generic-10.1-tablet-8gb-ram-128gb-rom-4g-full-netcom-5gwifi-silver-137534839.html
"Samsung Galaxy Tab S8 Ultra 5G With Keyboard: 14.6"", 12/256GB, 13/6MP+12/12MP/4K, Type-C, Gorilla Glass 5, Stylus, 11200mAh",3322.0,https://www.jumia.com.ng/samsung-galaxy-tab-s8-ultra-5g-with-keyboard-14.6-12256gb-136mp1212mp4k-type-c-gorilla-glass-5-stylus-11200mah-171018287.html
"Samsung Galaxy Tab A8, 10.5-Inch 3GB RAM, 32GB ROM Android 11 8MP + 5MP Nano SIM - Silver",407.0,https://www.jumia.com.ng/samsung-galaxy-tab-a8-10.5-inch-3gb-ram-32gb-rom-android-11-8mp-5mp-nano-sim-silver-216669452.html
10 Inch Tablet Computer 8GB RAM -128GB ROM Eight Core 4G Phone Learning Education Tablet- Pink,200.0,https://www.jumia.com.ng/generic-10-inch-tablet-computer-8gb-ram-128gb-rom-eight-core-4g-phone-learning-education-tablet-pink-134046559.html
"Wintouch Kids Tablet PC K93, 9 Inch, 16GB, WiFi, Accessories + Pouch- PINK",110.0,https://www.jumia.com.ng/wintouch-kids-tablet-pc-k93-9-inch-16gb-wifi-accessories-pouch-pink-42821263.html
"Wintouch Kids Tablet 9 Inch 16GB Rom 1Gb Ram, WiFi + Pouch-",97.0,https://www.jumia.com.ng/wintouch-kids-tablet-9-inch-16gb-rom-1gb-ram-wifi-pouch-99077177.html
10''HD Tablet PC 1+16GB Android Dual Camera Sim Card Pad,165.0,https://www.jumia.com.ng/generic-10hd-tablet-pc-116gb-android-dual-camera-sim-card-pad-180312526.html
"10.1"" Tablet 8GB RAM -128GB ROM 4G Full Netcom 5GWIFI -Blue",245.0,https://www.jumia.com.ng/generic-10.1-tablet-8gb-ram-128gb-rom-4g-full-netcom-5gwifi-blue-137517578.html
"Atouch Kids Learning Tablet Atouch K96 3GB 32GB Android Kids Learning Eduacational Tablet,  Zoom Enable. Light Brown Pouch",81.0,https://www.jumia.com.ng/kids-learning-tablet-atouch-k96-3gb-32gb-android-kids-learning-eduacational-tablet-zoom-enable.-light-brown-pouch-atouch-mpg1633734.html
"Oriyomi ​MatrixPad Ultra Slim Android 10 Tablet 10.1"" HD IPS Screen 4GLTE Dual SIM 4GB + 64GB Octa-Core - 5G WiFi - GPS - Black",143.0,https://www.jumia.com.ng/oriyomi-matrixpad-ultra-slim-android-10-tablet-10.1-hd-ips-screen-4glte-dual-sim-4gb-64gb-octa-core-5g-wifi-gps-black-209413364.html
"Atouch Kids Learning Tablet Atouch K96 3GB, 32GB Android Kids Learning Eduacational Tablet,  Zoom Enable, Light Brown Pouch",81.0,https://www.jumia.com.ng/atouch-kids-learning-tablet-atouch-k96-3gb-32gb-android-kids-learning-eduacational-tablet-zoom-enable-light-brown-pouch-133096835.html
"Samsung Galaxy Tab S7 FE 4G- 12.4-inch (4GB RAM, 64GB ROM) Android 11 - 8MP + 5MP Selfie  - 10090mAh Battery - Mystic Silver",924.0,https://www.jumia.com.ng/samsung-galaxy-tab-s7-fe-4g-12.4-inch-4gb-ram-64gb-rom-android-11-8mp-5mp-selfie-10090mah-battery-mystic-silver-128361901.html
"Modio M21 Android Tablet PC - 10.1"" - 4GB RAM - 128GB ROM - 4G LTE - Dual SIM - Black",165.0,https://www.jumia.com.ng/modio-m21-android-tablet-pc-10.1-4gb-ram-128gb-rom-4g-lte-dual-sim-black-212034809.html
"Atouch Educational Tablet For Children 7 INCH, ANDROID 8.1 WI-FI, QUAD CORE, DUAL CAMERA (Red Pouch )",80.0,https://www.jumia.com.ng/atouch-educational-tablet-for-children-7-inch-android-8.1-wi-fi-quad-core-dual-camera-red-pouch-211729851.html
"Maxim ​MatrixPad Ultra Slim 4GB + 64GB Android 10.0 Tablet 10.1"" - 5G WiFi",198.0,https://www.jumia.com.ng/maxim-matrixpad-ultra-slim-4gb-64gb-android-10.0-tablet-10.1-5g-wifi-178363580.html
"Atouch Kids Learning Tablet 7Inch Android 8.1, 16G, Wi-Fi, Educational Tablet For Kids ( Pre-installed App,Games,) Pink Pouch",80.0,https://www.jumia.com.ng/kids-learning-tablet-7inch-android-8.1-16g-wi-fi-educational-tablet-for-kids-pre-installed-appgames-pink-pouch-atouch-mpg1633935.html
"Nokia T10 -8-Inch 3GB RAM, 32GB ROM Android 12 Nano SIM - 8MP + 5MP - Ocean Blue",253.0,https://www.jumia.com.ng/nokia-t10-8-inch-3gb-ram-32gb-rom-android-12-nano-sim-8mp-5mp-ocean-blue-216666043.html
"Huawei Mediapad T3 ( KOB-L09 ) 8.0"" Android 7.0 2GB/16GB Android Tablet",103.0,https://www.jumia.com.ng/huawei-mediapad-t3-kob-l09-8.0-android-7.0-2gb16gb-android-tablet-85479642.html
10.1inch Detachable 2GB+32GB Android Laptop Pc Touch Screen,176.0,https://www.jumia.com.ng/generic-10.1inch-detachable-2gb32gb-android-laptop-pc-touch-screen-79950499.html
"Atouch A105  10.1 128GB Rom 4GB Ram,4G  Dual Sim - Black - Keyboard",153.0,https://www.jumia.com.ng/atouch-a105-10.1-128gb-rom-4gb-ram4g-dual-sim-black-keyboard-204704719.html
"Genius G33 - 7"" - 16GB ROM, 2GB RAM - Android - Wi-fi Kids' Tablet Zoom Enabled - Red",85.0,https://www.jumia.com.ng/genius-g33-7-16gb-rom-2gb-ram-android-wi-fi-kids-tablet-zoom-enabled-red-83233697.html
"Atouch Android 6.1 Educational Tablet (Pre -Installed Apps,games,cartoons And Rhymes)  For Kids + Glass Screen Protector",89.0,https://www.jumia.com.ng/atouch-android-6.1-educational-tablet-pre-installed-appsgamescartoons-and-rhymes-for-kids-glass-screen-protector-45610768.html
"Bebe Tab B2050 Kids Tablet - 10"" Display, 64GB ROM + 4GB RAM, Dual SIM,",154.0,https://www.jumia.com.ng/bebe-tab-b2050-kids-tablet-10-display-64gb-rom-4gb-ram-dual-sim-204374733.html
"Atouch A105  10.1 128GB Rom 4GB Ram,4G  Dual Sim -  - Keyboard",154.0,https://www.jumia.com.ng/atouch-a105-10.1-128gb-rom-4gb-ram4g-dual-sim-keyboard-211450970.html
10 Inch Tablet Computer 8GB RAM -128GB ROM Eight Core 4G Phone Learning Education Tablet- White,200.0,https://www.jumia.com.ng/generic-10-inch-tablet-computer-8gb-ram-128gb-rom-eight-core-4g-phone-learning-education-tablet-white-134046527.html
"Discover Note 11 Plus - 10.1"", 128GB ROM + 4GB RAM, 5G, Dual SIM, 6000mah, Free Gifts Inside",154.0,https://www.jumia.com.ng/discover-note-11-plus-10.1-128gb-rom-4gb-ram-5g-dual-sim-6000mah-free-gifts-inside-212034829.html
"Valem Phantom Z+  Android 10 Tablet 10.1"" HD IPS Screen 4GLTE Dual SIM 6GB +128GB Octa-Core - 5G WiFi - GPS - Black",216.0,https://www.jumia.com.ng/valem-phantom-z-android-10-tablet-10.1-hd-ips-screen-4glte-dual-sim-6gb-128gb-octa-core-5g-wifi-gps-black-205289024.html
"Samsung Galaxy Tab A7 Lite, 8.7-Inch 3GB RAM, 32GB ROM Android 11 8MP + 2MP Nano SIM  - Silver",275.0,https://www.jumia.com.ng/samsung-galaxy-tab-a7-lite-8.7-inch-3gb-ram-32gb-rom-android-11-8mp-2mp-nano-sim-silver-90971951.html
"Kids Learning Tablet 7Inch Android 8.1, 16G, Wi-Fi, Educational Tablet For Kids ( Pre-installed App,Games,) Green Pouch",154.0,https://www.jumia.com.ng/generic-kids-learning-tablet-7inch-android-8.1-16g-wi-fi-educational-tablet-for-kids-pre-installed-appgames-green-pouch-152364308.html
"Bebe Tab B2050 Kids Tablet - 10"" Display, 64GB ROM + 4GB RAM, Dual SIM, Zoom Cerified, Free Gifts Inside",154.0,https://www.jumia.com.ng/bebe-tab-b2050-kids-tablet-10-display-64gb-rom-4gb-ram-dual-sim-zoom-cerified-free-gifts-inside-204179304.html
"V60 Tablet -10.1” (8GB RAM, 256GB ROM) 8MP Front +13MP Back Camera Dual SIM Card 5GLTE - 8000mAh -  Blue",176.0,https://www.jumia.com.ng/generic-v60-tablet-10.1-8gb-ram-256gb-rom-8mp-front-13mp-back-camera-dual-sim-card-5glte-8000mah-blue-206298043.html
"New 10.1"" Tablet 8GB RAM -128GB ROM 4G Full Netcom 5GWIFI Smooth - Gold",245.0,https://www.jumia.com.ng/generic-new-10.1-tablet-8gb-ram-128gb-rom-4g-full-netcom-5gwifi-smooth-gold-126435072.html
"Maxim ​MatrixPad Ultra Slim 10.1"" 4GB 64GB 64bit 4GLTE HD IPS Dual SIM GPS Android 10 Tablet PC",154.0,https://www.jumia.com.ng/maxim-matrixpad-ultra-slim-10.1-4gb-64gb-64bit-4glte-hd-ips-dual-sim-gps-android-10-tablet-pc-76589467.html
"Samsung Galaxy Tab A8, 10.5-Inch 4GB RAM, 64GB ROM Android 11 8MP + 5MP Nano SIM - Silver",462.0,https://www.jumia.com.ng/samsung-galaxy-tab-a8-10.5-inch-4gb-ram-64gb-rom-android-11-8mp-5mp-nano-sim-silver-216669534.html
"Atouch Kids Learning Tablets K96 3GB+ 32GB Android Kids Learning Educational Tablet, Zoom Enable. Blue Pouch",81.0,https://www.jumia.com.ng/atouch-kids-learning-tablets-k96-3gb-32gb-android-kids-learning-educational-tablet-zoom-enable.-blue-pouch-133097091.html
"Atouch Kids Learning Tablets Atouch K96 3GB + 32GB Android Kids Learning Educational Tablet, Zoom Enable. Blue Pouch",84.0,https://www.jumia.com.ng/kids-learning-tablets-atouch-k96-3gb-32gb-android-kids-learning-educational-tablet-zoom-enable.-blue-pouch-atouch-mpg1629945.html
"Doogee T10 Tablet PC, 10.1 Inch, 8GB+128GB, Android 12 , Support Dual SIM & WiFi & BT, Network: 4G, Global Version",427.0,https://www.jumia.com.ng/doogee-t10-tablet-pc-10.1-inch-8gb128gb-android-12-support-dual-sim-wifi-bt-network-4g-global-version-214667477.html
10 Inch Tablet Computer 8GB RAM -128GB ROM Eight Core 4G Phone Learning Education Tablet- Gold,200.0,https://www.jumia.com.ng/generic-10-inch-tablet-computer-8gb-ram-128gb-rom-eight-core-4g-phone-learning-education-tablet-gold-134046452.html
"Atouch Educational Tablet For Kids(Pre Installed Apps, Rhymes, Cartoon And Games)",89.0,https://www.jumia.com.ng/atouch-educational-tablet-for-kidspre-installed-apps-rhymes-cartoon-and-games-45481303.html
"Samsung Galaxy Tab A7 Lite 8.0"" (2021, WiFi Only, No Sim) Android 11 (32GB+3GB RAM) 5100mAh Battery + Pouch",341.0,https://www.jumia.com.ng/samsung-galaxy-tab-a7-lite-8.0-2021-wifi-only-no-sim-android-11-32gb3gb-ram-5100mah-battery-pouch-90504615.html
"Android Tablet Pro14 12"", 16GB+1TB,Camera 13MP+16MP, Dual Sim Cards+Micro SD Cards",178.0,https://www.jumia.com.ng/generic-android-tablet-pro14-12-16gb1tbcamera-13mp16mp-dual-sim-cardsmicro-sd-cards-213745535.html
"Bebe Tab B2040 Kids Tablet - 10"" Display, 64GB ROM + 4GB RAM, Dual SIM, Zoom Cerified, Free Gifts Inside",141.0,https://www.jumia.com.ng/bebe-tab-b2040-kids-tablet-10-display-64gb-rom-4gb-ram-dual-sim-zoom-cerified-free-gifts-inside-208633437.html
"Discover NOTE  7 PLUS TAB 10 -INCH ( 64GB ROM, 4GB RAM) - Gold + Free Case & Powerbank",187.0,https://www.jumia.com.ng/discover-note-7-plus-tab-10-inch-64gb-rom-4gb-ram-gold-free-case-powerbank-129447528.html
BEBE TAB 8 INCHES Unbreakable Educational Tablet 32GB Storage 3GB RAM – TAB B88 Dual SIM HD Tablet For Kids –,123.0,https://www.jumia.com.ng/bebe-tab-8-inches-unbreakable-educational-tablet-32gb-storage-3gb-ram-tab-b88-dual-sim-hd-tablet-for-kids-212039476.html
"Atouch A105  10.0128GB Rom 4GB Ram,4G  Dual Sim - - Keyboard",143.0,https://www.jumia.com.ng/atouch-a105-10.0128gb-rom-4gb-ram4g-dual-sim-keyboard-201937299.html
"Discover Note 12 Plus - 10.1"", 128GB ROM + 4GB RAM, Dual SIM, 6000mah, Free Gifts Inside",144.0,https://www.jumia.com.ng/discover-note-12-plus-10.1-128gb-rom-4gb-ram-dual-sim-6000mah-free-gifts-inside-212034836.html
"Samsung Galaxy Tab S6 Lite, 10.4” (4GB RAM, 64GB ROM) 8MP + 5MP 4G Nano SIM  - Angora Blue",572.0,https://www.jumia.com.ng/samsung-galaxy-tab-s6-lite-10.4-4gb-ram-64gb-rom-8mp-5mp-4g-nano-sim-angora-blue-64282144.html
Bluetooth Earphone Mini Wireless Earpiece Auriculare Cordless Headphone Blutooth Stereo Handsfree Ear Headset For IPhone Earpods,26.0,https://www.jumia.com.ng/generic-bluetooth-earphone-mini-wireless-earpiece-auriculare-cordless-headphone-blutooth-stereo-handsfree-ear-headset-for-iphone-earpods-209222108.html
"Blackview Tab 6 DK034, 8 Inch, 3GB+32GB, Android 11 Tablet - Grey",196.0,https://www.jumia.com.ng/blackview-tab-6-dk034-8-inch-3gb32gb-android-11-tablet-grey-215618990.html
"Wintouch 9 Inch Kids Educational Tablet PC K93, 16GB Storage,Pre Installed App & Free Pouch-Green.",99.0,https://www.jumia.com.ng/wintouch-9-inch-kids-educational-tablet-pc-k93-16gb-storagepre-installed-app-free-pouch-green.-63815792.html
Tablet 8GB RAM-128GB ROM 4G Full Netcom 5GWIFI- Gold,245.0,https://www.jumia.com.ng/generic-tablet-8gb-ram-128gb-rom-4g-full-netcom-5gwifi-gold-137542630.html
"Lenovo XiaoXin Pad Plus 5G 11 Inch Tablet TB-J607Z, 6GB+128GB, ZUI12.5 (Android 11) - White",819.0,https://www.jumia.com.ng/lenovo-xiaoxin-pad-plus-5g-11-inch-tablet-tb-j607z-6gb128gb-zui12.5-android-11-white-210373272.html
10. 1 Inch 2GB+32GB Business Office Tablet 4G Call Dual SIM Call Bluetooth WIFI,121.0,https://www.jumia.com.ng/generic-10.-1-inch-2gb32gb-business-office-tablet-4g-call-dual-sim-call-bluetooth-wifi-115132403.html
"Samsung Galaxy Tab S6 Lite -10.4” (4GB RAM, 64GB ROM) 8MP Camera - 5MP Selfie, LTE - Oxford Gray",659.0,https://www.jumia.com.ng/samsung-galaxy-tab-s6-lite-10.4-4gb-ram-64gb-rom-8mp-camera-5mp-selfie-lte-oxford-gray-98368945.html
10 Inch Tablet PC RAM 6GB +ROM 64GB WiFi Bluetooth GPS Game - Black,163.0,https://www.jumia.com.ng/generic-10-inch-tablet-pc-ram-6gb-rom-64gb-wifi-bluetooth-gps-game-black-90836501.html
"Blackview Tab 7, 10.1 Inch, 3GB+32GB Android 11 Unisoc T310 Quad Core Tablet",222.0,https://www.jumia.com.ng/blackview-tab-7-10.1-inch-3gb32gb-android-11-unisoc-t310-quad-core-tablet-214660370.html
"Atouch Tablet For Kids LEARNING TABLET 7 INCH, ANDROID 8.1 WI-FI, QUAD CORE, DUAL CAMERA (Red Pouch )",80.0,https://www.jumia.com.ng/atouch-tablet-for-kids-learning-tablet-7-inch-android-8.1-wi-fi-quad-core-dual-camera-red-pouch-211742137.html
"Blackview Tab 7 Kids Tablet, 10.1 Inch, 3GB+32GB, Android 11 - Blue",231.0,https://www.jumia.com.ng/blackview-tab-7-kids-tablet-10.1-inch-3gb32gb-android-11-blue-215619011.html
"Atouch Tablet For Children 7 INCH, ANDROID 8.1 WI-FI, QUAD CORE, DUAL CAMERA (Red Pouch )",80.0,https://www.jumia.com.ng/atouch-tablet-for-children-7-inch-android-8.1-wi-fi-quad-core-dual-camera-red-pouch-211742157.html
"Lenovo Pad 11 Inch WiFi Tablet 6GB+128GB Face Recognition, Android 10 Dual Band WiFi And Bluetooth Support",396.0,https://www.jumia.com.ng/lenovo-pad-11-inch-wifi-tablet-6gb128gb-face-recognition-android-10-dual-band-wifi-and-bluetooth-support-96886302.html
10 Inch Tablet PC RAM 6GB +ROM 64GB WiFi Bluetooth GPS Game - Red,163.0,https://www.jumia.com.ng/generic-10-inch-tablet-pc-ram-6gb-rom-64gb-wifi-bluetooth-gps-game-red-90836639.html
Atouch 2022 Learning Tablet For Kids Children Educational,77.0,https://www.jumia.com.ng/atouch-2022-learning-tablet-for-kids-children-educational-213412945.html
"Atouch A103  Kids Educational Tablet 10.1 With 256GB Rom 6GB Ram,5G  Dual Sim",139.0,https://www.jumia.com.ng/atouch-a103-kids-educational-tablet-10.1-with-256gb-rom-6gb-ram5g-dual-sim-171656410.html
"10.1"" Tablet 8GB RAM-128GB ROM 4G Full Netcom 5GWIFI- Silver",245.0,https://www.jumia.com.ng/generic-10.1-tablet-8gb-ram-128gb-rom-4g-full-netcom-5gwifi-silver-140481302.html
"Blackview Tab 15, 10.5 Inch, 8GB+128GB, Android 12 , EU Plug",422.0,https://www.jumia.com.ng/blackview-tab-15-10.5-inch-8gb128gb-android-12-eu-plug-214659443.html
"Wintouch K11 Kids Tablet-Dual Sim-10.1"" -1GB RAM-16GB ROM Plus Free Pouch Inside And Gifts.",139.0,https://www.jumia.com.ng/wintouch-k11-kids-tablet-dual-sim-10.1-1gb-ram-16gb-rom-plus-free-pouch-inside-and-gifts.-45464059.html
Lenovo Xiaoxin Pad 2022 10.6 Inch 6GB+ 128GB WIFI Edition Qualcomm Snapdragon 680 CPU 2K Full Screen 7700mAh Tablet PC,352.0,https://www.jumia.com.ng/lenovo-xiaoxin-pad-2022-10.6-inch-6gb-128gb-wifi-edition-qualcomm-snapdragon-680-cpu-2k-full-screen-7700mah-tablet-pc-204475581.html
Blackview Tab 13 Tablet PC 10.1 Inch 6GB+128GB Android 12 - Grey,326.0,https://www.jumia.com.ng/blackview-tab-13-tablet-pc-10.1-inch-6gb128gb-android-12-grey-215618987.html
Mini Bluetooth Wireless Invisible Earbuds Sports Headphones,25.0,https://www.jumia.com.ng/generic-mini-bluetooth-wireless-invisible-earbuds-sports-headphones-136918481.html
"Lenovo Tab M10 HD TB-X505F, 10.1 Inch 3GB+32GB Android 9.0",396.0,https://www.jumia.com.ng/lenovo-tab-m10-hd-tb-x505f-10.1-inch-3gb32gb-android-9.0-128172426.html
Samsung Galaxy Tab S8 Ultra 14.6'' 12GB-256GB-5G - Graphite,2420.0,https://www.jumia.com.ng/samsung-galaxy-tab-s8-ultra-14.6-12gb-256gb-5g-graphite-189713585.html
10 Inch Tablet PC RAM 6GB +ROM 64GB WiFi Bluetooth GPS Game - White,163.0,https://www.jumia.com.ng/generic-10-inch-tablet-pc-ram-6gb-rom-64gb-wifi-bluetooth-gps-game-white-90836786.html
Lenovo Xiaoxin K11 Pad 11inch 4GM RAM+64GB ROM WIFI Editon,260.0,https://www.jumia.com.ng/lenovo-xiaoxin-k11-pad-11inch-4gm-ram64gb-rom-wifi-editon-173110749.html
"Blackview Tab 12, 10.1 Inch, 4GB+64GB Android 11 4G, EU Plug",292.0,https://www.jumia.com.ng/blackview-tab-12-10.1-inch-4gb64gb-android-11-4g-eu-plug-215908286.html
"Wintouch Kids Tablet PC K93, 9 Inch, 16GB Storage( Pre-Installed App),  WiFi And Bluetooth- Pink Pouch",99.0,https://www.jumia.com.ng/wintouch-kids-tablet-pc-k93-9-inch-16gb-storage-pre-installed-app-wifi-and-bluetooth-pink-pouch-64292574.html
"Bebe Tab B88 Kids Tablet - 8"" Display, 32GB ROM + 3GB RAM, Dual SIM, Free Gifts Inside",110.0,https://www.jumia.com.ng/bebe-tab-b88-kids-tablet-8-display-32gb-rom-3gb-ram-dual-sim-free-gifts-inside-212034815.html
"Fire Hd 8 Kids Tablet,8"" Hd, 32 GB, Blue Kids Case",211.0,https://www.jumia.com.ng/generic-fire-hd-8-kids-tablet8-hd-32-gb-blue-kids-case-144816504.html
10 .1 Inch Tablet PC RAM 6GB +ROM 64GB WiFi Bluetooth GPS Game - Golden,148.0,https://www.jumia.com.ng/generic-10-.1-inch-tablet-pc-ram-6gb-rom-64gb-wifi-bluetooth-gps-game-golden-204957311.html
"Blackview Tab 15, 10.5 Inch, 8GB+128GB, Android 12 Tablet - Silver",394.0,https://www.jumia.com.ng/blackview-tab-15-10.5-inch-8gb128gb-android-12-tablet-silver-215619004.html
"Blackview Tab 15, 10.5 Inch, 8GB+128GB, Android 12 Tablet - Blue",394.0,https://www.jumia.com.ng/blackview-tab-15-10.5-inch-8gb128gb-android-12-tablet-blue-215619003.html
Lenosed K14 Android Kids Tablet – 128GB ROM – 4GB RAM – Single Sim,129.0,https://www.jumia.com.ng/lenosed-k14-android-kids-tablet-128gb-rom-4gb-ram-single-sim-211308161.html
Lenovo Tab 2 A10-30 10” (32GB ROM 2GB RAM) Wifi Only Android Tablet,158.0,https://www.jumia.com.ng/lenovo-tab-2-a10-30-10-32gb-rom-2gb-ram-wifi-only-android-tablet-216668474.html
"Genius 16gb Ram 2gb Rom Educational Kids Tablet (Pre-Installed Apps, Games, Cartoons And Rhymes)+ Free Pouch",87.0,https://www.jumia.com.ng/genius-16gb-ram-2gb-rom-educational-kids-tablet-pre-installed-apps-games-cartoons-and-rhymes-free-pouch-69932305.html
"New 10.1"" Tablet 6GB RAM -128GB ROM Eight-core 4G Full Netcom 5GWIFI Smooth Learning Online Class - Blue",176.0,https://www.jumia.com.ng/generic-new-10.1-tablet-6gb-ram-128gb-rom-eight-core-4g-full-netcom-5gwifi-smooth-learning-online-class-blue-133341104.html
"Samsung Galaxy Tab S8+ 5G: 12.4"", 8GB/128GB, 13/6MP+12MP/4K, Type-C W Magnetic Connector, Gorilla Glass 5, Stylus, 10090mAh",2215.0,https://www.jumia.com.ng/samsung-galaxy-tab-s8-5g-12.4-8gb128gb-136mp12mp4k-type-c-w-magnetic-connector-gorilla-glass-5-stylus-10090mah-171019872.html
Idino NoteBook 3 10.1 Inch-( Android 10) - 4GB Ram– 64GB Rom Tablet,174.0,https://www.jumia.com.ng/idino-notebook-3-10.1-inch-android-10-4gb-ram-64gb-rom-tablet-98356909.html
"X Tigi Kids7 Pro Educational Tablet-7""-32G ROM-Green/Purpple",97.0,https://www.jumia.com.ng/x-tigi-kids7-pro-educational-tablet-7-32g-rom-greenpurpple-133094564.html
"Atouch Kids Learning Tablets Atouch K96 3GB+32GB Android Kids Learning Educational Tablet,  Zoom Enable, Blue Pouch",81.0,https://www.jumia.com.ng/atouch-kids-learning-tablets-atouch-k96-3gb32gb-android-kids-learning-educational-tablet-zoom-enable-blue-pouch-159999470.html
BEBE TAB 8 INCHES Educational Tablet 32GB Storage 3GB RAM –  Dual SIM HD Tablet For Kids –,145.0,https://www.jumia.com.ng/bebe-tab-8-inches-educational-tablet-32gb-storage-3gb-ram-dual-sim-hd-tablet-for-kids-203831621.html
"Blackview Tab 15, 10.5 Inch, 8GB+128GB, Android 12 Tablet - Grey",394.0,https://www.jumia.com.ng/blackview-tab-15-10.5-inch-8gb128gb-android-12-tablet-grey-215619002.html
"S18 Tablet -10.1” (6GB RAM, 128GB ROM) 5MP Front +8MP Back Camera Dual SIM Card 5GLTE - 8800mAh -  Blue",112.0,https://www.jumia.com.ng/generic-s18-tablet-10.1-6gb-ram-128gb-rom-5mp-front-8mp-back-camera-dual-sim-card-5glte-8800mah-blue-206396709.html
"New 10.1"" Tablet 8GB RAM -128GB ROM Eight-core 4G Full Netcom 5GWIFI Smooth Learning Online Class - Gray",245.0,https://www.jumia.com.ng/generic-new-10.1-tablet-8gb-ram-128gb-rom-eight-core-4g-full-netcom-5gwifi-smooth-learning-online-class-gray-123390346.html
10 Inch Tablet PC RAM 6GB +ROM 64GB WiFi Bluetooth GPS Game -golden,163.0,https://www.jumia.com.ng/generic-10-inch-tablet-pc-ram-6gb-rom-64gb-wifi-bluetooth-gps-game-golden-90836301.html
"Samsung Galaxy Tab S7 FE 4G- 12.4-inch (6GB RAM, 128GB ROM) Android 11 - 8MP + 5MP Selfie  - 10090mAh Battery",1090.0,https://www.jumia.com.ng/samsung-galaxy-tab-s7-fe-4g-12.4-inch-6gb-ram-128gb-rom-android-11-8mp-5mp-selfie-10090mah-battery-98301559.html
10 Inch Tablet PC RAM 6GB +ROM 64GB WiFi Bluetooth GPS Game - Rose,163.0,https://www.jumia.com.ng/generic-10-inch-tablet-pc-ram-6gb-rom-64gb-wifi-bluetooth-gps-game-rose-90836403.html
Blackview Tab 13 Tablet PC 10.1 Inch 6GB+128GB Android 12 Support Dual SIM/WiFi/Bluetooth/TF Card/Navigation,348.0,https://www.jumia.com.ng/blackview-tab-13-tablet-pc-10.1-inch-6gb128gb-android-12-support-dual-simwifibluetoothtf-cardnavigation-214986664.html
Atouch Android 6.1 Educational Tablet For Kids + Glass Screen Protector,89.0,https://www.jumia.com.ng/atouch-android-6.1-educational-tablet-for-kids-glass-screen-protector-atouch-mpg1491172.html
"Blackview Tab 7, 10.1 Inch, 3GB+32GB, Android 11 Tablet - Silver",220.0,https://www.jumia.com.ng/blackview-tab-7-10.1-inch-3gb32gb-android-11-tablet-silver-215618998.html
"Blackview Tab 7, 10.1 Inch, 3GB+32GB, Android 11 Tablet - Grey",220.0,https://www.jumia.com.ng/blackview-tab-7-10.1-inch-3gb32gb-android-11-tablet-grey-215618996.html
"Blackview Tab 7, 10.1 Inch, 3GB+32GB, Android 11 Tablet - Blue",220.0,https://www.jumia.com.ng/blackview-tab-7-10.1-inch-3gb32gb-android-11-tablet-blue-215618997.html
"XIAOMI MI Max 6.44-Inch HD (3GB, 32GB ROM) Android 6, 16MP + 5MP Smartphone With Official Warranty - Silver",209.0,https://www.jumia.com.ng/xiaomi-mi-max-6.44-inch-hd-3gb-32gb-rom-android-6-16mp-5mp-smartphone-with-official-warranty-silver-mi-mpg77893.html
"Discover NOTE  7 PLUS TAB 10 -INCH ( 64GB ROM, 4GB RAM) + Free Case & Powerbank",187.0,https://www.jumia.com.ng/discover-note-7-plus-tab-10-inch-64gb-rom-4gb-ram-free-case-powerbank-124914230.html
uLesson Edu Tablet + 3-year ULesson Subscription And FREE School Bag,409.0,https://www.jumia.com.ng/ulesson-edu-tablet-3-year-ulesson-subscription-and-free-school-bag-142707418.html
"Fire Hd 8 Kids Tablet,8"" Hd, Ages 3-7, 32 GB, Blue Kids Case",211.0,https://www.jumia.com.ng/generic-fire-hd-8-kids-tablet8-hd-ages-3-7-32-gb-blue-kids-case-144816204.html
"MTKenn Kids Education Tablet 7.1"" 2GB RAM+16GB ROM - Green",187.0,https://www.jumia.com.ng/mtkenn-kids-education-tablet-7.1-2gb-ram16gb-rom-green-187156565.html
"Wintouch K11 Kids Tablet-Dual Sim-10.1"" -1GB RAM-16GB ROM Plus Free Pouch Inside And Gifts - Blue",139.0,https://www.jumia.com.ng/wintouch-k11-kids-tablet-dual-sim-10.1-1gb-ram-16gb-rom-plus-free-pouch-inside-and-gifts-blue-64162663.html
"Discover NOTE  5 PLUS TAB 10 - INCHES ( 64GB ROM,  4GB RAM)",174.0,https://www.jumia.com.ng/note-5-plus-tab-10-inches-64gb-rom-4gb-ram-discover-mpg1634125.html
MTKenn M92 -7.1”Pad (2GB RAM+16GB ROM) 64bit Android Tablet PC - Blue,110.0,https://www.jumia.com.ng/mtkenn-m92-7.1pad-2gb-ram16gb-rom-64bit-android-tablet-pc-blue-185042197.html
Nabi JR. Kid Educational Tablet- WiFi And Bluetooth Plus Free Pouch,84.0,https://www.jumia.com.ng/nabi-jr.-kid-educational-tablet-wifi-and-bluetooth-plus-free-pouch-34619074.html
"10.1"" Tablet 6GB RAM-128GB ROM Eight-core 4G Full Netcom 5GWIFI Smooth - Blue",176.0,https://www.jumia.com.ng/generic-10.1-tablet-6gb-ram-128gb-rom-eight-core-4g-full-netcom-5gwifi-smooth-blue-134627884.html
"16gb Ram 2gb Rom Educational Kids Tablet (Pre-Installed Apps, Games, Cartoons And Rhymes)+ Free Pouch",87.0,https://www.jumia.com.ng/generic-16gb-ram-2gb-rom-educational-kids-tablet-pre-installed-apps-games-cartoons-and-rhymes-free-pouch-45346973.html
10 Inch Tablet Computer 8GB RAM -128GB ROM Eight Core 4G Phone Learning Education Tablet- Blue,200.0,https://www.jumia.com.ng/generic-10-inch-tablet-computer-8gb-ram-128gb-rom-eight-core-4g-phone-learning-education-tablet-blue-134046596.html
"Samsung Galaxy Tab S7 FE 5G- 12.4-inch (6GB RAM, 128GB ROM) Android 11 - 8MP + 5MP Selfie  - 10090mAh Battery",1090.0,https://www.jumia.com.ng/samsung-galaxy-tab-s7-fe-5g-12.4-inch-6gb-ram-128gb-rom-android-11-8mp-5mp-selfie-10090mah-battery-193335859.html
Samsung Galaxy Tab A7 Lite 8.7-Inch -3GB RAM/ 32GB ROM- Android 11- 8MP /2MP -Nano SIM-4G LTE  - Gray,352.0,https://www.jumia.com.ng/samsung-galaxy-tab-a7-lite-8.7-inch-3gb-ram-32gb-rom-android-11-8mp-2mp-nano-sim-4g-lte-gray-196387611.html
Nabi Jr. Kids Educational Tablet 1gb Ram- WiFi And Bluetooth Plus Free Pouch,99.0,https://www.jumia.com.ng/nabi-jr.-kids-educational-tablet-1gb-ram-wifi-and-bluetooth-plus-free-pouch-nabi-mpg1196792.html
"Wintouch K81 – 8inches Kids Tablet Dual Sim Enabled, Android 5.1 1GB RAM 16GB ROM, Zoom And All Apps Are Supported, Pre- Installed Apps, Thick Pouch With Handle - Red",128.0,https://www.jumia.com.ng/wintouch-k81-8inches-kids-tablet-dual-sim-enabled-android-5.1-1gb-ram-16gb-rom-zoom-and-all-apps-are-supported-pre-installed-apps-thick-pouch-with-handle-red-90594156.html
"Android Tablet 10.1"", 8GB+128GB/256GB,Camera 24MP+48MP, Dual Sim Cards+Micro SD Cards",332.0,https://www.jumia.com.ng/generic-android-tablet-10.1-8gb128gb256gbcamera-24mp48mp-dual-sim-cardsmicro-sd-cards-213729745.html
Blackview Tab 13 Tablet PC 10.1 Inch 6GB+128GB Android 12 - Silver,326.0,https://www.jumia.com.ng/blackview-tab-13-tablet-pc-10.1-inch-6gb128gb-android-12-silver-215618989.html
"Genius KIDS G33 KIDS G33 16GB Storage,2GB RAM Tablet Plus FreeCase",82.0,https://www.jumia.com.ng/genius-kids-g33-kids-g33-16gb-storage2gb-ram-tablet-plus-freecase-214754345.html
"XIAOMI Mi Max 6.44-Inch HD (3GB, 32GB ROM) Android 6, 16MP + 5MP Smartphone - Gold",209.0,https://www.jumia.com.ng/xiaomi-mi-max-6.44-inch-hd-3gb-32gb-rom-android-6-16mp-5mp-smartphone-gold-mi-mpg77892.html
"Samsung Galaxy Tab S6 Lite -10.4” (4GB RAM, 64GB ROM) 8MP Camera - 5MP Selfie, 4G LTE - 7040mAh - Oxford Gray",990.0,https://www.jumia.com.ng/samsung-galaxy-tab-s6-lite-10.4-4gb-ram-64gb-rom-8mp-camera-5mp-selfie-4g-lte-7040mah-oxford-gray-126332620.html
Atouch K91 Kids Learning Tablet 7inch Screen 2G Ram (Gray Pouch),74.0,https://www.jumia.com.ng/k91-kids-learning-tablet-7inch-screen-2g-ram-gray-pouch-atouch-mpg1596063.html
Genius 16gb Ram 2gb Rom Educational Kids Table + Blue Pouch,82.0,https://www.jumia.com.ng/genius-16gb-ram-2gb-rom-educational-kids-table-blue-pouch-65988153.html
"Samsung Galaxy Tab S7 FE 4G: 12.4"", 4GB/64GB, 8MP+5MP/1080p, Type-C W Magnetic Connector, Fast-Charging, Nano-SIM, 10090mAh",1221.0,https://www.jumia.com.ng/samsung-galaxy-tab-s7-fe-4g-12.4-4gb64gb-8mp5mp1080p-type-c-w-magnetic-connector-fast-charging-nano-sim-10090mah-171067652.html
FiDEL Note 4 Tab 10.0'' Android 9.0 32GB + 2GB Tablet + Leather Case -Black,131.0,https://www.jumia.com.ng/fidel-note-4-tab-10.0-android-9.0-32gb-2gb-tablet-leather-case-black-35008255.html
"10.1"" Tablet 8GB RAM -128GB ROM 4G Full Netcom 5GWIFI Educational Business Games-Green",245.0,https://www.jumia.com.ng/generic-10.1-tablet-8gb-ram-128gb-rom-4g-full-netcom-5gwifi-educational-business-games-green-206343481.html
"10.1"" Tablet 8GB RAM -128GB ROM Eight-core 4G Full Netcom 5GWIFI Learning - Blue",245.0,https://www.jumia.com.ng/generic-10.1-tablet-8gb-ram-128gb-rom-eight-core-4g-full-netcom-5gwifi-learning-blue-161567437.html
Atouch K91 Kids Learning Tablet 7inch Screen 2G Ram,88.0,https://www.jumia.com.ng/atouch-k91-kids-learning-tablet-7inch-screen-2g-ram-171656408.html
"New 10.1"" Tablet 8GB RAM -128GB ROM 4G Full Netcom 5GWIFI Smooth - White",245.0,https://www.jumia.com.ng/generic-new-10.1-tablet-8gb-ram-128gb-rom-4g-full-netcom-5gwifi-smooth-white-126435055.html
"AE Kids Atouch A105  10.1 Kids Tablet 128GB Rom 4GB Ram,4G  Dual Sim  Bluetooth Keyboard",185.0,https://www.jumia.com.ng/ae-kids-atouch-a105-10.1-kids-tablet-128gb-rom-4gb-ram4g-dual-sim-bluetooth-keyboard-170480381.html
"Atouch New K96 3GB 32GB Android Kids Learning Eduacational Tablet,",79.0,https://www.jumia.com.ng/atouch-new-k96-3gb-32gb-android-kids-learning-eduacational-tablet-203910441.html
Idino NoteBook 2 10.1 Inch-( Android 10) - 4GB Ram– 64GB Rom Tablet,174.0,https://www.jumia.com.ng/idino-notebook-2-10.1-inch-android-10-4gb-ram-64gb-rom-tablet-91258080.html
"Atouch A105  10.1 128GB Rom 4GB Ram,4G  Dual Sim - Golden - Keyboard",154.0,https://www.jumia.com.ng/atouch-a105-10.1-128gb-rom-4gb-ram4g-dual-sim-golden-keyboard-128304053.html
"10.1"" Tablet 8GB RAM-128GB ROM 4G Full Netcom 5GWIFI Educational Business -White",245.0,https://www.jumia.com.ng/generic-10.1-tablet-8gb-ram-128gb-rom-4g-full-netcom-5gwifi-educational-business-white-207377028.html
"10.1"" Tablet 8GB RAM-128GB ROM 4G Full Netcom 5GWIFI Educational Business -Blue",245.0,https://www.jumia.com.ng/generic-10.1-tablet-8gb-ram-128gb-rom-4g-full-netcom-5gwifi-educational-business-blue-207392584.html
"Maxim ​MatrixPad Ultra Slim Android 10.0 Tablet - 4GB + 64GB - 10.1"" - 5G WiFi - FREE GIFT INSIDE",198.0,https://www.jumia.com.ng/maxim-matrixpad-ultra-slim-android-10.0-tablet-4gb-64gb-10.1-5g-wifi-free-gift-inside-178365752.html
Wintouch 7inches Kids Tablet K701 With Sim Enabled,117.0,https://www.jumia.com.ng/wintouch-7inches-kids-tablet-k701-with-sim-enabled-84085694.html
"Wintouch K12 Kids Tablet-Dual Sim- 9.6"" -1GB RAM-16GB ROM",147.0,https://www.jumia.com.ng/wintouch-k12-kids-tablet-dual-sim-9.6-1gb-ram-16gb-rom-75753299.html
"Wintouch K11 Kids Tablet-Dual Sim-10.1"" -1GB RAM-16GB ROM Plus Free Pouch Inside And Gifts - Purple",123.0,https://www.jumia.com.ng/wintouch-k11-kids-tablet-dual-sim-10.1-1gb-ram-16gb-rom-plus-free-pouch-inside-and-gifts-purple-67558066.html
"Wintouch K11 Kids Tablet-Dual Sim-10.1"" -1GB RAM-16GB ROM Plus Free Pouch Inside And Gifts - Pink",139.0,https://www.jumia.com.ng/wintouch-k11-kids-tablet-dual-sim-10.1-1gb-ram-16gb-rom-plus-free-pouch-inside-and-gifts-pink-64162662.html
"Wintouch 9 Inch K93 Children Educational Tablet,Preinstalled Apps,16GB Storage Plus Free Pouch Inside-Orange",99.0,https://www.jumia.com.ng/wintouch-9-inch-k93-children-educational-tabletpreinstalled-apps16gb-storage-plus-free-pouch-inside-orange-63815790.html
"Atouch K96 Tablet 7"", 32GB, 3GB, Android 8.1, Wifi, No SIm, 3000mAh - Grey",84.0,https://www.jumia.com.ng/atouch-k96-tablet-7-32gb-3gb-android-8.1-wifi-no-sim-3000mah-grey-212034823.html
BEBE TAB UNBREAKABLE SCREEN KIDS TABLET 32GB ROM 3GB RAM With  SIM,143.0,https://www.jumia.com.ng/bebe-tab-unbreakable-screen-kids-tablet-32gb-rom-3gb-ram-with-sim-210296171.html
"Alldocube 10.1"" Android 10 Tablet Quad Core 1920*1200 IPS 4GB RAM 64GB ROM Tablets Daul Wifi Tablet",330.0,https://www.jumia.com.ng/alldocube-10.1-android-10-tablet-quad-core-19201200-ips-4gb-ram-64gb-rom-tablets-daul-wifi-tablet-65468729.html
"Samsung Galaxy Tab S5e-10.5”(4GB RAM, 64GB ROM) With Keyboard LTE-Gray",660.0,https://www.jumia.com.ng/samsung-galaxy-tab-s5e-10.54gb-ram-64gb-rom-with-keyboard-lte-gray-196182492.html
"Samsung Galaxy Tab S7 FE - 12.4-inch (4GB RAM, 64GB ROM) Android 11 - 8MP + 5MP Selfie - LTE - 10090mAh Battery - Mystic Black",1210.0,https://www.jumia.com.ng/samsung-galaxy-tab-s7-fe-12.4-inch-4gb-ram-64gb-rom-android-11-8mp-5mp-selfie-lte-10090mah-battery-mystic-black-82722087.html
"Atouch Android 6.1 Educational Tablet For Kids ( Pre-installed App, Games, Rhymes)- Red Pouch",88.0,https://www.jumia.com.ng/atouch-android-6.1-educational-tablet-for-kids-pre-installed-app-games-rhymes-red-pouch-45414507.html
"10.1"" Tablet 8GB RAM -128GB ROM Eight-core 4G Full Netcom 5GWIFI Learning - Gray",245.0,https://www.jumia.com.ng/generic-10.1-tablet-8gb-ram-128gb-rom-eight-core-4g-full-netcom-5gwifi-learning-gray-161569809.html
"Samsung Galaxy Tab A8, 10.5-Inch 4GB RAM, 64GB ROM Android 11 8MP + 5MP Nano SIM  - Silver",462.0,https://www.jumia.com.ng/samsung-galaxy-tab-a8-10.5-inch-4gb-ram-64gb-rom-android-11-8mp-5mp-nano-sim-silver-216669343.html
Magnetic Earphone Wireless Sports Bluetooth Headset,22.0,https://www.jumia.com.ng/generic-magnetic-earphone-wireless-sports-bluetooth-headset-136684049.html
QERE QR8 10.1 Inch Android 8.0 2560*1600 Ten Core IPS Screen Tablet PC MTK6797 RAM 4GB ROM 64GB 3G Dual SIM Card Phone 3G Call Wifi Tablets(Rose Gold),358.0,https://www.jumia.com.ng/generic-qere-qr8-10.1-inch-android-8.0-25601600-ten-core-ips-screen-tablet-pc-mtk6797-ram-4gb-rom-64gb-3g-dual-sim-card-phone-3g-call-wifi-tabletsrose-gold-21558547.html
"Lenovo Tab M10 (HD) 4GB RAM 64GB ROM 10.1"" Wi-Fi 4G Android 10+ Free Pouch",352.0,https://www.jumia.com.ng/lenovo-tab-m10-hd-4gb-ram-64gb-rom-10.1-wi-fi-4g-android-10-free-pouch-106821146.html
"Atouch Kids Learning Tablet Atouch K96 32GB Android Kids Learning Eduacational Tablet,  Zoom Enable. Light Brown Pouch",81.0,https://www.jumia.com.ng/kids-learning-tablet-atouch-k96-32gb-android-kids-learning-eduacational-tablet-zoom-enable.-light-brown-pouch-atouch-mpg1633733.html
Atouch Android 6.1 Educational Tablet For Kids- Red Pouch,80.0,https://www.jumia.com.ng/atouch-android-6.1-educational-tablet-for-kids-red-pouch-atouch-mpg1202929.html
"GENIUS KIDS G33- 16GB Storage, 2GB RAM - Wi-fi Tablet Plus Case - Blue",85.0,https://www.jumia.com.ng/genius-kids-g33-16gb-storage-2gb-ram-wi-fi-tablet-plus-case-blue-120850861.html
"Nokia T20 -10.4” (4GB RAM, 64GB ROM) 8MP Camera - 5MP Selfie, LTE - 8200mAh - Ocean Blue",305.0,https://www.jumia.com.ng/nokia-t20-10.4-4gb-ram-64gb-rom-8mp-camera-5mp-selfie-lte-8200mah-ocean-blue-194793284.html
Atouch A36- Kid's Learning Tablet - 16GB ROM - 2GB RAM,77.0,https://www.jumia.com.ng/a36-kids-learning-tablet-16gb-rom-2gb-ram-atouch-mpg1636770.html
"Blackview Tab 12, 10.1 Inch, 4GB+64GB, Android 11 4G Tablet - Silver",275.0,https://www.jumia.com.ng/blackview-tab-12-10.1-inch-4gb64gb-android-11-4g-tablet-silver-215618995.html
Bluetooth Earphone Mini Wireless Earpiece Auriculare Cordless Headphone  Stereo Handsfree Ear Headset,9.0,https://www.jumia.com.ng/generic-bluetooth-earphone-mini-wireless-earpiece-auriculare-cordless-headphone-stereo-handsfree-ear-headset-162694076.html
"New 10.1"" Tablet 8GB RAM -128GB ROM Eight-core 4G Full Netcom 5GWIFI Smooth Learning Online Class - Blue",245.0,https://www.jumia.com.ng/generic-new-10.1-tablet-8gb-ram-128gb-rom-eight-core-4g-full-netcom-5gwifi-smooth-learning-online-class-blue-123389927.html
"Ultra-thin 10.1-inch Tablet, MT6582, Android 6.0 Quad-core A7, 1.5GAhz  16:9 Samsung HD 500 Zoom, 4500MA Battery Memory 1 + 16G, 2 + 32G, 3G Call Black, Silver, Pink, Rose Gold",126.0,https://www.jumia.com.ng/generic-ultra-thin-10.1-inch-tablet-mt6582-android-6.0-quad-core-a7-1.5gahz-169-samsung-hd-500-zoom-4500ma-battery-memory-1-16g-2-32g-3g-call-black-silver-pink-rose-gold-21731158.html
"Lenovo Tab M10 Plus 3rd Gen Tablet (Wifi Only)- 10' Inch FHD -3GB RAM, 32GB (128GB) SD Storage",482.0,https://www.jumia.com.ng/lenovo-tab-m10-plus-3rd-gen-tablet-wifi-only-10-inch-fhd-3gb-ram-32gb-128gb-sd-storage-158522733.html
"7 Inch Tablet, Android 6.0, Quad Core Processor, 1G RAM 8GB Storage Dual Camera, FM, WiFi Only, Bluetooth.",121.0,https://www.jumia.com.ng/generic-7-inch-tablet-android-6.0-quad-core-processor-1g-ram-8gb-storage-dual-camera-fm-wifi-only-bluetooth.-116258128.html
"Blackview Tab 11 DK032, 10.36 Inch, 8GB+128GB, Android 11 Smartphone",394.0,https://www.jumia.com.ng/blackview-tab-11-dk032-10.36-inch-8gb128gb-android-11-smartphone-215619001.html
"Modio M21 Android Tablet PC - 10.1"" - 4GB RAM - 128GB ROM - 4G LTE - Dual SIM - Gold",165.0,https://www.jumia.com.ng/modio-m21-android-tablet-pc-10.1-4gb-ram-128gb-rom-4g-lte-dual-sim-gold-212034810.html
"Blackview Tab 7, 10.1 Inch, 3GB+32GB Android 11, Network: 4G, EU Plug",240.0,https://www.jumia.com.ng/blackview-tab-7-10.1-inch-3gb32gb-android-11-network-4g-eu-plug-215043987.html
"Blackview Tab 11 DK032, 10.36 Inch, 8GB+128GB Network: 4G, EU Plug",437.0,https://www.jumia.com.ng/blackview-tab-11-dk032-10.36-inch-8gb128gb-network-4g-eu-plug-216419917.html
"10 Inch Adult/Kids Tablet  Andriod OS, Dual Camera With Over 30 Pre-installed Learning Apps For Children",130.0,https://www.jumia.com.ng/generic-10-inch-adultkids-tablet-andriod-os-dual-camera-with-over-30-pre-installed-learning-apps-for-children-148085677.html
"Discover Note 9 Plus - 10.1"", 64GB ROM + 4GB RAM, 5G, Dual SIM, 6000mah, Free Gifts Inside",138.0,https://www.jumia.com.ng/discover-note-9-plus-10.1-64gb-rom-4gb-ram-5g-dual-sim-6000mah-free-gifts-inside-212034807.html
"Samsung Galaxy Tab S6 Lite, 10.4” (4GB RAM, 64GB ROM) 8MP + 5MP 4G Nano SIM  - Oxford Gray",581.0,https://www.jumia.com.ng/samsung-galaxy-tab-s6-lite-10.4-4gb-ram-64gb-rom-8mp-5mp-4g-nano-sim-oxford-gray-64163459.html
"Atouch A36 KIDS 7"" LEARNING TABLET,2GB - 16GB ANDROID",69.0,https://www.jumia.com.ng/atouch-a36-kids-7-learning-tablet2gb-16gb-android-142707568.html
"10.1"" Tablet 6GB RAM-128GB ROM Eight-core 4G Full Netcom 5GWIFI Smooth - Black",176.0,https://www.jumia.com.ng/generic-10.1-tablet-6gb-ram-128gb-rom-eight-core-4g-full-netcom-5gwifi-smooth-black-134628118.html
"S30 Tablet -8” (4GB RAM, 64GB ROM) 5MP Front +8MP Back Camera Dual SIM Card 3G/4G5GLTE - 6000mAh -  Silver",101.0,https://www.jumia.com.ng/generic-s30-tablet-8-4gb-ram-64gb-rom-5mp-front-8mp-back-camera-dual-sim-card-3g4g5glte-6000mah-silver-206665482.html
"Samsung Galaxy Tab A8, 10.5-inch (3GB RAM, 32GB ROM) Android 11 - 8MP + 5MP Selfie - 4G LTE - 7040mAh - Nano SIM - Gray",550.0,https://www.jumia.com.ng/samsung-galaxy-tab-a8-10.5-inch-3gb-ram-32gb-rom-android-11-8mp-5mp-selfie-4g-lte-7040mah-nano-sim-gray-197918360.html
"Wintouch K12 .Kids Tablet-Dual Sim- 9.6"" -1GB RAM-16GB ROM Plus Free Pouch Inside And Gifts - Green",139.0,https://www.jumia.com.ng/wintouch-k12-.kids-tablet-dual-sim-9.6-1gb-ram-16gb-rom-plus-free-pouch-inside-and-gifts-green-91320759.html
"Atouch A36 Kids Learning Tablet 7Inch Android 8.1 Wi-Fi, Educational Tablet For Kids ( Pre-installed App,Games,) Pink",73.0,https://www.jumia.com.ng/a36-kids-learning-tablet-7inch-android-8.1-wi-fi-educational-tablet-for-kids-pre-installed-appgames-pink-atouch-mpg1636769.html
"G18 Tablet -10.1” (12GB RAM, 512GB ROM) 24MP Front +48MP Back Camera Dual SIM Card 5GLTE - 8000mAh -  Blue",253.0,https://www.jumia.com.ng/generic-g18-tablet-10.1-12gb-ram-512gb-rom-24mp-front-48mp-back-camera-dual-sim-card-5glte-8000mah-blue-205393250.html
"Atouch Atouch105 (6GB RAM, 256GB ROM) 10.1 Inches Android 12 Tablet Notebooks With Keyboard For Cheap Price",218.0,https://www.jumia.com.ng/atouch-atouch105-6gb-ram-256gb-rom-10.1-inches-android-12-tablet-notebooks-with-keyboard-for-cheap-price-194469971.html
"Blackview Tab 7 Kids Tablet, 10.1 Inch, 3GB+32GB Android 11, EU Plug",241.0,https://www.jumia.com.ng/blackview-tab-7-kids-tablet-10.1-inch-3gb32gb-android-11-eu-plug-214675170.html
"V60 Tablet -10.1” (8GB RAM, 256GB ROM) 8MP Front +13MP Back Camera Dual SIM Card 5GLTE - 8000mAh -  Green",176.0,https://www.jumia.com.ng/generic-v60-tablet-10.1-8gb-ram-256gb-rom-8mp-front-13mp-back-camera-dual-sim-card-5glte-8000mah-green-206298335.html
"VANKYO Matrix Pad S7 Kids Edition-Android 9.0 Pie, 32GB ROM, 2GB RAM, Kid-Proof Case, Wi-Fi, Eye Health Mode,",165.0,https://www.jumia.com.ng/vankyo-matrix-pad-s7-kids-edition-android-9.0-pie-32gb-rom-2gb-ram-kid-proof-case-wi-fi-eye-health-mode-91582910.html
QERE QR8 10.1 Inch Android 8.0 2560*1600 Ten Core IPS Screen Tablet PC MTK6797 RAM 4GB ROM 64GB 3G Dual SIM Card Phone 3G Call Wifi Tablets(Blue),358.0,https://www.jumia.com.ng/generic-qere-qr8-10.1-inch-android-8.0-25601600-ten-core-ips-screen-tablet-pc-mtk6797-ram-4gb-rom-64gb-3g-dual-sim-card-phone-3g-call-wifi-tabletsblue-21558558.html
QERE QR8 10.1 Inch Android 8.0 2560*1600 Ten Core IPS Screen Tablet PC MTK6797 RAM 4GB ROM 64GB 3G Dual SIM Card Phone 3G Call Wifi Tablets(Black),358.0,https://www.jumia.com.ng/generic-qere-qr8-10.1-inch-android-8.0-25601600-ten-core-ips-screen-tablet-pc-mtk6797-ram-4gb-rom-64gb-3g-dual-sim-card-phone-3g-call-wifi-tabletsblack-21562454.html
Lenovo Tab4 Tb-8504f 8-inches (16GB ROM 2GB RAM) Wifi Only Android Tablet,81.0,https://www.jumia.com.ng/lenovo-tab4-tb-8504f-8-inches-16gb-rom-2gb-ram-wifi-only-android-tablet-216668478.html
"Atouch X11 Kids Tablet 7-Inch Display, 32GB, 3GB RAM, 4G LTE, Wi-Fi - Pink",92.0,https://www.jumia.com.ng/x11-kids-tablet-7-inch-display-32gb-3gb-ram-4g-lte-wi-fi-pink-atouch-mpg1596091.html
"Samsung Galaxy Tab A8, 10.5-inch (3GB RAM, 32GB ROM) Android 11 - 8MP + 5MP Selfie - 4G LTE - 7040mAh - Nano SIM - Silver",550.0,https://www.jumia.com.ng/samsung-galaxy-tab-a8-10.5-inch-3gb-ram-32gb-rom-android-11-8mp-5mp-selfie-4g-lte-7040mah-nano-sim-silver-197918506.html
"itel PrimeTab 1 (W7002) 7.0"" Big Screen, 32GB ROM + 1GB RAM, Dual SIM, 4000mAh, Android 10, OTG, WIFI, - Deep Blue",131.0,https://www.jumia.com.ng/itel-primetab-1-w7002-7.0-big-screen-32gb-rom-1gb-ram-dual-sim-4000mah-android-10-otg-wifi-deep-blue-76341829.html
"X Tigi Kids9 Pro Educational Tablet-7""-32G ROM-2G RAM-Green/Blue",103.0,https://www.jumia.com.ng/x-tigi-kids9-pro-educational-tablet-7-32g-rom-2g-ram-greenblue-133146711.html
Blackview Tab6 32+3GB 5580mAh Two Sim Card Ultra-thin New Tablet 8Inch Easy To Control With One Hand - Peach Gold,188.0,https://www.jumia.com.ng/blackview-tab6-323gb-5580mah-two-sim-card-ultra-thin-new-tablet-8inch-easy-to-control-with-one-hand-peach-gold-90937355.html
"Wintouch K12 Kids Tablet Dual Sim 9.6"" -1GB Ram 16GB Rom With Gifts Inside",154.0,https://www.jumia.com.ng/wintouch-k12-kids-tablet-dual-sim-9.6-1gb-ram-16gb-rom-with-gifts-inside-132207446.html
Atouch Android 6.1 Educational Tablet For Kids + Glass Screen Protector- Purple Pouch,88.0,https://www.jumia.com.ng/atouch-android-6.1-educational-tablet-for-kids-glass-screen-protector-purple-pouch-atouch-mpg1471866.html
P50 Pro Entertainment And Business Tablet 4+128GB-green,417.0,https://www.jumia.com.ng/generic-p50-pro-entertainment-and-business-tablet-4128gb-green-188607540.html
Atouch Android 6.1 Educational Tablet For Kids + Glass Screen Protector- Red Pouch,88.0,https://www.jumia.com.ng/atouch-android-6.1-educational-tablet-for-kids-glass-screen-protector-red-pouch-42494920.html
"Huawei Matepad Pro -10.8-Inch 8GB RAM, 256GB ROM Android 10 13MP + 8MP Nano SIM  - Midnight Grey",1210.0,https://www.jumia.com.ng/huawei-matepad-pro-10.8-inch-8gb-ram-256gb-rom-android-10-13mp-8mp-nano-sim-midnight-grey-91916519.html
"Samsung Galaxy Tab S8 Ultra 5G: 14.6"" 12/256GB 13/6MP+12/12MP/4K, Type-C W Magnetic Connector, Gorilla Glass 5, Stylus, 11200mAh",2805.0,https://www.jumia.com.ng/samsung-galaxy-tab-s8-ultra-5g-14.6-12256gb-136mp1212mp4k-type-c-w-magnetic-connector-gorilla-glass-5-stylus-11200mah-204394167.html
"Samsung Galaxy Tab A7 Lite, 8.7-Inch 3GB RAM, 32GB ROM Android 11 8MP + 2MP Nano SIM",363.0,https://www.jumia.com.ng/samsung-galaxy-tab-a7-lite-8.7-inch-3gb-ram-32gb-rom-android-11-8mp-2mp-nano-sim-98283610.html
"Blackview Tab 12, 10.1 Inch, 4GB+64GB, Android 11 4G Tablet - Grey",275.0,https://www.jumia.com.ng/blackview-tab-12-10.1-inch-4gb64gb-android-11-4g-tablet-grey-215618993.html
Atouch Android 6.1 Educational Tablet For Kids( Pre Installed App)+ Proof Case- BLUE,89.0,https://www.jumia.com.ng/atouch-android-6.1-educational-tablet-for-kids-pre-installed-app-proof-case-blue-atouch-mpg1525839.html
Alldocube IPlay20Pro Android10 Tablet 6GB RAM 128GB ROM 10.1 Inch Octa Core Tablets 1920*1200IPS 4G Cell Phone Tablets,440.0,https://www.jumia.com.ng/alldocube-iplay20pro-android10-tablet-6gb-ram-128gb-rom-10.1-inch-octa-core-tablets-19201200ips-4g-cell-phone-tablets-65468731.html
"Atouch Tablet A105  10.1 128GB Rom 4GB Ram,4G  Dual Sim Bluetooth Keyboard",152.0,https://www.jumia.com.ng/atouch-tablet-a105-10.1-128gb-rom-4gb-ram4g-dual-sim-bluetooth-keyboard-195149011.html
"Wintouch K11 Kids Educatioal Tablet-Dual Sim-10.1"" -1GB RAM-16GB ROM Plus Standing Pouch Inside And Gifts - Pink",154.0,https://www.jumia.com.ng/wintouch-k11-kids-educatioal-tablet-dual-sim-10.1-1gb-ram-16gb-rom-plus-standing-pouch-inside-and-gifts-pink-63815794.html
QERE QR8 10.1 Inch Android 8.0 2560*1600 Ten Core IPS Screen Tablet PC MTK6797 RAM 4GB ROM 64GB 3G Dual SIM Card Phone 3G Call Wifi Tablets(Gold),358.0,https://www.jumia.com.ng/generic-qere-qr8-10.1-inch-android-8.0-25601600-ten-core-ips-screen-tablet-pc-mtk6797-ram-4gb-rom-64gb-3g-dual-sim-card-phone-3g-call-wifi-tabletsgold-21558540.html
QERE QR8 10.1 Inch Android 8.0 2560*1600 Ten Core IPS Screen Tablet PC MTK6797 RAM 4GB ROM 64GB 3G Dual SIM Card Phone 3G Call Wifi Tablets(silver),358.0,https://www.jumia.com.ng/generic-qere-qr8-10.1-inch-android-8.0-25601600-ten-core-ips-screen-tablet-pc-mtk6797-ram-4gb-rom-64gb-3g-dual-sim-card-phone-3g-call-wifi-tabletssilver-21562488.html
"Tpad Children's Educational Leaning Android Tablet ( Cartoon, Rhymes,games And Educational App) + Free Silicon Case",97.0,https://www.jumia.com.ng/childrens-educational-leaning-android-tablet-cartoon-rhymesgames-and-educational-app-free-silicon-case-tpad-mpg1526689.html
"S18 Tablet -10.1” (6GB RAM, 128GB ROM) 5MP Front +8MP Back Camera Dual SIM Card 5GLTE - 8800mAh -  Gray",112.0,https://www.jumia.com.ng/generic-s18-tablet-10.1-6gb-ram-128gb-rom-5mp-front-8mp-back-camera-dual-sim-card-5glte-8800mah-gray-206304248.html
Luxury touch Dual Sim 64gb Rom 4gb Ram Tablet+ Wireless Keyboard,132.0,https://www.jumia.com.ng/luxury-touch-dual-sim-64gb-rom-4gb-ram-tablet-wireless-keyboard-203507620.html
"Blackview Tab 12, 10.1 Inch, 4GB+64GB, Android 11 4G Tablet - Blue",275.0,https://www.jumia.com.ng/blackview-tab-12-10.1-inch-4gb64gb-android-11-4g-tablet-blue-215618994.html
Atouch Android 6.1 Educational Tablet For Kids + Pouch,89.0,https://www.jumia.com.ng/android-6.1-educational-tablet-for-kids-pouch-atouch-mpg1545813.html
"10.1"" Tablet 8GB RAM-128GB ROM 4G Full Netcom 5GWIFI Educational Business -Green",245.0,https://www.jumia.com.ng/generic-10.1-tablet-8gb-ram-128gb-rom-4g-full-netcom-5gwifi-educational-business-green-207376338.html
"Atouch Kids Learning Tablet 7Inch Android 6.1, 8G, Wi-Fi, Educational Tablet For Kids ( Pre-installed App,Games,) Red Pouch",80.0,https://www.jumia.com.ng/kids-learning-tablet-7inch-android-6.1-8g-wi-fi-educational-tablet-for-kids-pre-installed-appgames-pink-pouch-atouch-mpg1566352.html
"Samsung Galaxy Tab A7 Lite 8.0"" (2021, WiFi + Cellular) Android 11 (32GB+3GB RAM) 5100mAh Battery, 4G LTE ,- Gray",319.0,https://www.jumia.com.ng/samsung-galaxy-tab-a7-lite-8.0-2021-wifi-cellular-android-11-32gb3gb-ram-5100mah-battery-4g-lte-gray-134338885.html
"G18 Tablet -10.1” (12GB RAM, 512GB ROM) 24MP Front +48MP Back Camera Dual SIM Card 5GLTE - 8000mAh -  Gray",253.0,https://www.jumia.com.ng/generic-g18-tablet-10.1-12gb-ram-512gb-rom-24mp-front-48mp-back-camera-dual-sim-card-5glte-8000mah-gray-206259805.html
"V60 Tablet -10.1” (8GB RAM, 256GB ROM) 8MP Front +13MP Back Camera Dual SIM Card 5GLTE - 8000mAh -  Gold",176.0,https://www.jumia.com.ng/generic-v60-tablet-10.1-8gb-ram-256gb-rom-8mp-front-13mp-back-camera-dual-sim-card-5glte-8000mah-gold-206298137.html
"Bebe Tab B77s Kids Tablet - 7"" Display, 32GB ROM + 3GB RAM, 4G, 3000mah, Super Shock Protection",110.0,https://www.jumia.com.ng/bebe-tab-b77s-kids-tablet-7-display-32gb-rom-3gb-ram-4g-3000mah-super-shock-protection-210295982.html
"Cosmos PAD 10.1"" TABLET 1GBRAM 16GB MEMORY 3G DUAL SIM",172.0,https://www.jumia.com.ng/cosmos-pad-10.1-tablet-1gbram-16gb-memory-3g-dual-sim-162967498.html
"Atouch Kids Learning Tablet 7Inch Android 6.1, 8G, Wi-Fi, Educational Tablet For Kids ( Pre-installed App Games) GREEN Pouch",81.0,https://www.jumia.com.ng/kids-learning-tablet-7inch-android-6.1-8g-wi-fi-educational-tablet-for-kids-pre-installed-app-games-green-pouch-atouch-mpg1566351.html
Headset Mini Bluetooth Wireless Invisible Earbuds Sports Headphones,9.0,https://www.jumia.com.ng/generic-headset-mini-bluetooth-wireless-invisible-earbuds-sports-headphones-82589226.html
"Atouch Tablet For Kids  7 INCH, ANDROID 8.1 WI-FI, QUAD CORE, DUAL CAMERA (Red Pouch )",80.0,https://www.jumia.com.ng/atouch-tablet-for-kids-7-inch-android-8.1-wi-fi-quad-core-dual-camera-red-pouch-211729850.html
uLesson Edu Tablet + 2-year ULesson Subscription And FREE School Bag,370.0,https://www.jumia.com.ng/ulesson-edu-tablet-2-year-ulesson-subscription-and-free-school-bag-142707414.html
"10.1"" Tablet 8GB RAM -128GB ROM 4G Full Netcom 5GWIFI - Gold",245.0,https://www.jumia.com.ng/generic-10.1-tablet-8gb-ram-128gb-rom-4g-full-netcom-5gwifi-gold-140482016.html
Lenovo Xiaoxin Pad Pro 2022 WiFi Tablet 11.2 Inch 8GB+128GB Android 12.0,956.0,https://www.jumia.com.ng/lenovo-xiaoxin-pad-pro-2022-wifi-tablet-11.2-inch-8gb128gb-android-12.0-201463209.html
"Atouch A105  11.0 128GB Rom 4GB Ram,4G  Dual Sim - Black - Keyboard",176.0,https://www.jumia.com.ng/atouch-a105-11.0-128gb-rom-4gb-ram4g-dual-sim-black-keyboard-137274094.html
"Atouch Kids Learning Tablet 7Inch Android 6.1, 8G, Wi-Fi, Educational Tablet For Kids ( Pre-installed App,Games,)- Blue Pouch",79.0,https://www.jumia.com.ng/kids-learning-tablet-7inch-android-6.1-8g-wi-fi-educational-tablet-for-kids-pre-installed-appgames-blue-pouch-atouch-mpg1566353.html
"10 Inch Kids/Adult Tablet  Andriod 10, WiFi, Dual Camera With Over 30 Pre-installed Learning Apps For Children",128.0,https://www.jumia.com.ng/generic-10-inch-kidsadult-tablet-andriod-10-wifi-dual-camera-with-over-30-pre-installed-learning-apps-for-children-119236482.html
10 .1 Inch Tablet PC RAM 6GB +ROM 64GB WiFi Bluetooth GPS Game - Silver,148.0,https://www.jumia.com.ng/generic-10-.1-inch-tablet-pc-ram-6gb-rom-64gb-wifi-bluetooth-gps-game-silver-204911092.html
"Samsung Galaxy Tab A7 Lite 8.0"" 32GB+3GB RAM 5100mAh Battery- Silver",273.0,https://www.jumia.com.ng/samsung-galaxy-tab-a7-lite-8.0-32gb3gb-ram-5100mah-battery-silver-135550002.html
Oukitel 4G Net RT1 Phablet 4GB+64GB Full HD Octa Core Android Phablet,328.0,https://www.jumia.com.ng/generic-oukitel-4g-net-rt1-phablet-4gb64gb-full-hd-octa-core-android-phablet-110996692.html
"10.1"" Tablet 8GB RAM -128GB ROM 4G Full Netcom 5GWIFI Educational Business Games-White",245.0,https://www.jumia.com.ng/generic-10.1-tablet-8gb-ram-128gb-rom-4g-full-netcom-5gwifi-educational-business-games-white-206343575.html
"V60 Tablet -10.1” (8GB RAM, 256GB ROM) 8MP Front +13MP Back Camera Dual SIM Card 5GLTE - 8000mAh -  Gray",176.0,https://www.jumia.com.ng/generic-v60-tablet-10.1-8gb-ram-256gb-rom-8mp-front-13mp-back-camera-dual-sim-card-5glte-8000mah-gray-206273202.html
"10.1"" Tablet 8GB RAM -128GB ROM 4G Full Netcom 5GWIFI Educational Business Games-Blue",245.0,https://www.jumia.com.ng/generic-10.1-tablet-8gb-ram-128gb-rom-4g-full-netcom-5gwifi-educational-business-games-blue-206341768.html
"New 10.1"" Tablet 8GB RAM -128GB ROM Eight-core 4G Full Netcom 5GWIFI Smooth Learning Online Class - Pink",245.0,https://www.jumia.com.ng/generic-new-10.1-tablet-8gb-ram-128gb-rom-eight-core-4g-full-netcom-5gwifi-smooth-learning-online-class-pink-123390459.html
"Stainless Steel Magnet Wrist Strap For FITBI T Charge 3, Size:Large, 217x18mm (Gold)",50.0,https://www.jumia.com.ng/generic-stainless-steel-magnet-wrist-strap-for-fitbi-t-charge-3-sizelarge-217x18mm-gold-133075139.html
"10.1"" Tablet 6GB RAM-128GB ROM Eight-core 4G Full Netcom 5GWIFI Smooth - Gold",176.0,https://www.jumia.com.ng/generic-10.1-tablet-6gb-ram-128gb-rom-eight-core-4g-full-netcom-5gwifi-smooth-gold-134629366.html
"S30 Tablet -8” (4GB RAM, 64GB ROM) 5MP Front +8MP Back Camera Dual SIM Card 3G/4G5GLTE - 6000mAh -  Blue",101.0,https://www.jumia.com.ng/generic-s30-tablet-8-4gb-ram-64gb-rom-5mp-front-8mp-back-camera-dual-sim-card-3g4g5glte-6000mah-blue-206399014.html
Nabi JR. Kids Educational Tablet- WiFi And Bluetooth Plus Free Pouch (Red),73.0,https://www.jumia.com.ng/jr.-kids-educational-tablet-wifi-and-bluetooth-plus-free-pouch-red-nabi-mpg1196790.html
"Wintouch K11 Kids Educational Tablet-Dual Sim-10.1"" -1GB Ram-16GB Rom,Standing Pouch Inside And Gifts -Orange",154.0,https://www.jumia.com.ng/wintouch-k11-kids-educational-tablet-dual-sim-10.1-1gb-ram-16gb-romstanding-pouch-inside-and-gifts-orange-63815796.html
"Atouch 6GBRAM+256GB ROM 10.1"" Android 12 Tablet Phones + Keyboard",220.0,https://www.jumia.com.ng/atouch-6gbram256gb-rom-10.1-android-12-tablet-phones-keyboard-194611851.html
Atouch A36- Kid's Learning Tablet - 16GB ROM - 2GB RAM Screen Guard + Pink Pouch,75.0,https://www.jumia.com.ng/a36-kids-learning-tablet-16gb-rom-2gb-ram-screen-guard-pink-pouch-atouch-mpg1636772.html
TECLAST Android 10 Tablets Teclast P20HD 4G Phone Call 4GB RAM 64GB ROM Octa Core 10.1 Inch IPS 1920×1200 GPS Tablet Dual Wifi,440.0,https://www.jumia.com.ng/teclast-android-10-tablets-teclast-p20hd-4g-phone-call-4gb-ram-64gb-rom-octa-core-10.1-inch-ips-19201200-gps-tablet-dual-wifi-64827021.html
"Samsung Galaxy Tab A8 64GB Android Tablet With LCD Screen, Long Lasting Battery",530.0,https://www.jumia.com.ng/samsung-galaxy-tab-a8-64gb-android-tablet-with-lcd-screen-long-lasting-battery-203453062.html
"Blackview Tab 11 DK032, 10.36 Inch, 8GB+128GB Android 11 Unisoc T618 Octa Core Tablet",380.0,https://www.jumia.com.ng/blackview-tab-11-dk032-10.36-inch-8gb128gb-android-11-unisoc-t618-octa-core-tablet-214606339.html
"VANKYO MatrixPad Z1 Kids 7 Inch, 32GB ROM, Kidoz Pre Installed, IPS HD Display, WiFi, Android GO OS, Kid-Proof Case",172.0,https://www.jumia.com.ng/vankyo-matrixpad-z1-kids-7-inch-32gb-rom-kidoz-pre-installed-ips-hd-display-wifi-android-go-os-kid-proof-case-129960953.html
"Wintouch Kids Tablet PC K93, 9 Inch, 16GB Storage( Pre-Installed App),  WiFi And Bluetooth- Blue Pouch",99.0,https://www.jumia.com.ng/wintouch-kids-tablet-pc-k93-9-inch-16gb-storage-pre-installed-app-wifi-and-bluetooth-blue-pouch-71255027.html
BEBE TAB 7 INCHES Unbreakable Educational Tablet 32GB Storage 2GB RAM – TAB B78 WIFI Tablet For Kids,95.0,https://www.jumia.com.ng/bebe-tab-7-inches-unbreakable-educational-tablet-32gb-storage-2gb-ram-tab-b78-wifi-tablet-for-kids-177738191.html
"Android Tablet G18 12"", 12GB+512GB,Camera 24MP+48MP, Dual Sim Cards+Micro SD Cards",316.0,https://www.jumia.com.ng/generic-android-tablet-g18-12-12gb512gbcamera-24mp48mp-dual-sim-cardsmicro-sd-cards-213753190.html
"Modio M21 Android Tablet PC - 10.1"" - 4GB RAM - 128GB ROM - 4G LTE - Dual SIM - Silver",165.0,https://www.jumia.com.ng/modio-m21-android-tablet-pc-10.1-4gb-ram-128gb-rom-4g-lte-dual-sim-silver-212034811.html
Atouch A36- Kid's Learning Tablet - 16GB ROM - 2GB RAM Screen Guard + Orange,73.0,https://www.jumia.com.ng/a36-kids-learning-tablet-16gb-rom-2gb-ram-screen-guard-orange-pouch-atouch-mpg1632547.html
"itel PrimeTab 1 7.0"" Screen, 32GB ROM + 1GB RAM, 4000mAh, 5.0MP Camera, Android 10, OTG, WIFI, Dual SIM Tab - Blue +Free Case",130.0,https://www.jumia.com.ng/itel-primetab-1-7.0-screen-32gb-rom-1gb-ram-4000mah-5.0mp-camera-android-10-otg-wifi-dual-sim-tab-blue-free-case-78440524.html
Recresi 20000mah 20000mAh External Battery Portable Charging Dual USB Power Charging Bank Charger For Phone Power Charging Bank,26.0,https://www.jumia.com.ng/recresi-20000mah-20000mah-external-battery-portable-charging-dual-usb-power-charging-bank-charger-for-phone-power-charging-bank-200364497.html
Luxury touch New Generation  2022 -  4gb And 64gb Storage With Pre-installed Educational Apps And Games-free Keyboard,121.0,https://www.jumia.com.ng/luxury-touch-new-generation-2022-4gb-and-64gb-storage-with-pre-installed-educational-apps-and-games-free-keyboard-136437789.html
"Android Tablet P70 10.1"", 12GB+512GB,Camera 24MP+48MP, Dual Sim Cards+Micro SD Cards",316.0,https://www.jumia.com.ng/generic-android-tablet-p70-10.1-12gb512gbcamera-24mp48mp-dual-sim-cardsmicro-sd-cards-213753838.html
"Samsung Galaxy Tab S6 Lite -10.4” (4GB RAM, 64GB ROM) 8MP Camera - 5MP Selfie, LTE",657.0,https://www.jumia.com.ng/samsung-galaxy-tab-s6-lite-10.4-4gb-ram-64gb-rom-8mp-camera-5mp-selfie-lte-98290046.html
"Discover (4GB RAM, 128GB ROM) 10.1 Inches Android 8.1 Tablet Notebooks With Keyboard For Cheap Price",216.0,https://www.jumia.com.ng/discover-4gb-ram-128gb-rom-10.1-inches-android-8.1-tablet-notebooks-with-keyboard-for-cheap-price-203144089.html
Luxury touch New Generation L8 2022- Blue,130.0,https://www.jumia.com.ng/luxury-touch-new-generation-l8-2022-blue-96823696.html
"Wintouch K11 Kids Tablet-Dual Sim-10.1"" -1GB RAM-16GB ROM Plus Free Pouch Inside And Gifts - Pink Pouch",150.0,https://www.jumia.com.ng/wintouch-k11-kids-tablet-dual-sim-10.1-1gb-ram-16gb-rom-plus-free-pouch-inside-and-gifts-pink-pouch-42103587.html
"Samsung Galaxy Tab S7 FE - 12.4-inch (4GB RAM, 64GB ROM) - Mystic Black",1298.0,https://www.jumia.com.ng/samsung-galaxy-tab-s7-fe-12.4-inch-4gb-ram-64gb-rom-mystic-black-190283078.html
"Pad 5 Pro 11"", 12GB+512GB,Camera 5MP+13MP, Dual Sim Cards",316.0,https://www.jumia.com.ng/generic-pad-5-pro-11-12gb512gbcamera-5mp13mp-dual-sim-cards-213753990.html
Tomtab Android 6.0 Metallic PC+Leather Case+Earpiece+Screen Guard,528.0,https://www.jumia.com.ng/tomtab-android-6.0-metallic-pcleather-caseearpiecescreen-guard-34615694.html
"Atouch Kids Learning Tablet 7Inch Android 8.1,16G, Wi-Fi, Educational Tablet For Kids ( Pre-installed App,Games,) Green Pouch",73.0,https://www.jumia.com.ng/kids-learning-tablet-7inch-android-8.1-16g-wi-fi-educational-tablet-for-kids-pre-installed-appgames-green-pouch-atouch-mpg1636781.html
"Blackview Tab 7 Kids, 10.1 Inch, 3GB+32GB Android 11 Unisoc T310 Quad Core Tablet",222.0,https://www.jumia.com.ng/blackview-tab-7-kids-10.1-inch-3gb32gb-android-11-unisoc-t310-quad-core-tablet-214596972.html
"Blackview Tab 12, 10.1 Inch, 4GB+64GB Android 11 Spreadtrum SC9863A Octa Core Tablet",271.0,https://www.jumia.com.ng/blackview-tab-12-10.1-inch-4gb64gb-android-11-spreadtrum-sc9863a-octa-core-tablet-214674988.html
"10.1"" Tablet 6GB RAM-128GB ROM Eight-core 4G Full Netcom 5GWIFI Smooth - White",176.0,https://www.jumia.com.ng/generic-10.1-tablet-6gb-ram-128gb-rom-eight-core-4g-full-netcom-5gwifi-smooth-white-134628476.html
"Samsung Galaxy Tab A8 4G: 10.5"", 3GB/32GB, 8MP+5MP/1080p, Type-C 2.0, Fast-Charging, Nano-SIM, Compass, Accelerometer, 7040mAh",574.0,https://www.jumia.com.ng/samsung-galaxy-tab-a8-4g-10.5-3gb32gb-8mp5mp1080p-type-c-2.0-fast-charging-nano-sim-compass-accelerometer-7040mah-204394159.html
TECLAST P20HD - 4GB RAM 64GB ROM + Cover + Screen Guard,276.0,https://www.jumia.com.ng/teclast-p20hd-4gb-ram-64gb-rom-cover-screen-guard-87906308.html
Atouch K91 Kids Learning Tablet 7inch Screen 2G Ram (Blue Pouch),74.0,https://www.jumia.com.ng/k91-kids-learning-tablet-7inch-screen-2g-ram-blue-pouch-atouch-mpg1602330.html
"Lenosed Kids Tab4, Tablet 7 Inch, Android 8.1.0, 16GB, 2GB DDR3, Wi-Fi, Dual Core, Dual Camera,3D Eyeglass.",99.0,https://www.jumia.com.ng/lenosed-kids-tab4-tablet-7-inch-android-8.1.0-16gb-2gb-ddr3-wi-fi-dual-core-dual-camera3d-eyeglass.-134761395.html
"Nokia Tab T20 -10.4-Inch 4GB RAM, 64GB ROM Android 11 Nano SIM - 8MP + 5MP  - Ocean Blue",332.0,https://www.jumia.com.ng/tab-t20-10.4-inch-4gb-ram-64gb-rom-android-11-nano-sim-8mp-5mp-ocean-blue-nokia-mpg1652364.html
"New 10.1"" Tablet 6GB RAM -128GB ROM Eight-core 4G Full Netcom 5GWIFI Smooth Learning Online Class - Gold",176.0,https://www.jumia.com.ng/generic-new-10.1-tablet-6gb-ram-128gb-rom-eight-core-4g-full-netcom-5gwifi-smooth-learning-online-class-gold-133331433.html
Samsung Galaxy Tab A7 Lite(T225N)-8.7-Inch -3GB RAM/ 32GB ROM- Android 11- 8MP /2MP -Nano SIM-4G LTE  - Gray,290.0,https://www.jumia.com.ng/samsung-galaxy-tab-a7-litet225n-8.7-inch-3gb-ram-32gb-rom-android-11-8mp-2mp-nano-sim-4g-lte-gray-97410012.html
"Samsung Galaxy Tab A7 Lite 8.0"" (2021, WiFi + Cellular) Android 11 (32GB+3GB RAM) 5100mAh Battery, 4G LTE + Pouch",363.0,https://www.jumia.com.ng/samsung-galaxy-tab-a7-lite-8.0-2021-wifi-cellular-android-11-32gb3gb-ram-5100mah-battery-4g-lte-pouch-90504612.html
"Samsung Galaxy Tab A8, 10.5-Inch 3GB RAM, 32GB ROM Android 11 8MP + 5MP Nano SIM  - Silver",418.0,https://www.jumia.com.ng/samsung-galaxy-tab-a8-10.5-inch-3gb-ram-32gb-rom-android-11-8mp-5mp-nano-sim-silver-216669232.html
"Atouch Kids Learning Tablet 7Inch Android 8.1, 16G, Wi-Fi, Educational Tablet For Kids ( Pre-installed App,Games,) Orange Pouch",74.0,https://www.jumia.com.ng/kids-learning-tablet-7inch-android-6.1-16g-wi-fi-educational-tablet-for-kids-pre-installed-appgames-orange-pouch-atouch-mpg1596076.html
"Atouch K96 Tablet 7"", 32GB, 3GB, Android 8.1, Wifi, No SIm, 3000mAh - Pink",84.0,https://www.jumia.com.ng/atouch-k96-tablet-7-32gb-3gb-android-8.1-wifi-no-sim-3000mah-pink-212034819.html
"Atouch K96 Tablet 7"", 32GB, 3GB, Android 8.1, Wifi, No SIm, 3000mAh - Orange",84.0,https://www.jumia.com.ng/atouch-k96-tablet-7-32gb-3gb-android-8.1-wifi-no-sim-3000mah-orange-212034821.html
"Lenosed Kids A76 Educational Tablet - 7"", 128GB ROM + 4GB RAM, 5G, Dual SIM - Pink",99.0,https://www.jumia.com.ng/lenosed-kids-a76-educational-tablet-7-128gb-rom-4gb-ram-5g-dual-sim-pink-216669259.html
"Blackview Tab 6, 8.0 Inch, 3GB+32GB Android 11 Unisoc UMS312 Quad Core Tablet",187.0,https://www.jumia.com.ng/blackview-tab-6-8.0-inch-3gb32gb-android-11-unisoc-ums312-quad-core-tablet-214675181.html
"Atouch Kids Learning Tablet 7Inch Android 8.1, 2.4G Wi-Fi, Educational Tablet For Kids ( Pre-installed App,Games,) Blue Pouch",80.0,https://www.jumia.com.ng/atouch-kids-learning-tablet-7inch-android-8.1-2.4g-wi-fi-educational-tablet-for-kids-pre-installed-appgames-blue-pouch-89973563.html
"C Idea Tablet 8 Inch 256GB Rom+6GB Ram Android Tablet With Gift,Wifi/5GLTE/CM813 Pro(Red)",70.0,https://www.jumia.com.ng/c-idea-tablet-8-inch-256gb-rom6gb-ram-android-tablet-with-giftwifi5gltecm813-prored-213250017.html
Atouch Android 6.1 Educational Tablet For Kids + Glass Screen Protector- Blue Pouche,88.0,https://www.jumia.com.ng/atouch-android-6.1-educational-tablet-for-kids-glass-screen-protector-blue-pouche-42494921.html
Samsung Galaxy Tab A7 Lite(T225N)-8.7-Inch- 3GB RAM/32GB ROM -Android 11- 8MP/ 2MP -Nano SIM-4G LTE  - SILVER,290.0,https://www.jumia.com.ng/samsung-galaxy-tab-a7-litet225n-8.7-inch-3gb-ram32gb-rom-android-11-8mp-2mp-nano-sim-4g-lte-silver-97410164.html
10 Inch Tablet Computer 8GB RAM -128GB ROM Eight Core 4G Phone Learning Education Tablet- Gray,200.0,https://www.jumia.com.ng/generic-10-inch-tablet-computer-8gb-ram-128gb-rom-eight-core-4g-phone-learning-education-tablet-gray-134046685.html
Nabi 3 Yrs+ Nabi Jr. Kids Educational Tablet 1gb Ram- WiFi And Bluetooth Plus Free Pouch,82.0,https://www.jumia.com.ng/3-yrs-nabi-jr.-kids-educational-tablet-1gb-ram-wifi-and-bluetooth-plus-free-pouch-nabi-mpg1201790.html
"Atouch Kids Learning Tablet 7Inch Android 8.1, 16G, Wi-Fi, Educational Tablet For Kids ( Pre-installed App,Games,) Lemon Pouch",74.0,https://www.jumia.com.ng/kids-learning-tablet-7inch-android-6.1-16g-wi-fi-educational-tablet-for-kids-pre-installed-appgames-lemon-pouch-atouch-mpg1625171.html
"New 10.1"" Tablet 8GB RAM -128GB ROM 4G Full Netcom 5GWIFI Smooth - Black",245.0,https://www.jumia.com.ng/generic-new-10.1-tablet-8gb-ram-128gb-rom-4g-full-netcom-5gwifi-smooth-black-126434987.html
"Lenosed Kids A76 Educational Tablet - 7"", 128GB ROM + 4GB RAM, 5G, Dual SIM - Blue",99.0,https://www.jumia.com.ng/lenosed-kids-a76-educational-tablet-7-128gb-rom-4gb-ram-5g-dual-sim-blue-216669225.html
Atouch K91 Kids Learning Tablet 7inch Screen 2G Ram (Pink Pouch),73.0,https://www.jumia.com.ng/k91-kids-learning-tablet-7inch-screen-2g-ram-pink-pouch-atouch-mpg1596064.html
"New 10.1"" Tablet 8GB RAM -128GB ROM Eight-core 4G Full Netcom 5GWIFI Smooth Learning Online Class - Gold",245.0,https://www.jumia.com.ng/generic-new-10.1-tablet-8gb-ram-128gb-rom-eight-core-4g-full-netcom-5gwifi-smooth-learning-online-class-gold-123388781.html
"G18 Tablet -10.1” (12GB RAM, 512GB ROM) 24MP Front +48MP Back Camera Dual SIM Card 5GLTE - 8000mAh -  Gold",253.0,https://www.jumia.com.ng/generic-g18-tablet-10.1-12gb-ram-512gb-rom-24mp-front-48mp-back-camera-dual-sim-card-5glte-8000mah-gold-206259601.html
"High Quality 10.1 Inch Android OS Tablet Pc,2sim Card.",146.0,https://www.jumia.com.ng/generic-high-quality-10.1-inch-android-os-tablet-pc2sim-card.-81093733.html
"Blackview OSCAL Pad 8, 10.1 Inch, 4GB+64GB Android 11 Spreadtrum SC9863A Octa Core Tablet",282.0,https://www.jumia.com.ng/blackview-oscal-pad-8-10.1-inch-4gb64gb-android-11-spreadtrum-sc9863a-octa-core-tablet-214676333.html
"Atouch K96 Tablet 7"", 32GB, 3GB, Android 8.1, Wifi, No SIm, 3000mAh - Blue",84.0,https://www.jumia.com.ng/atouch-k96-tablet-7-32gb-3gb-android-8.1-wifi-no-sim-3000mah-blue-212034820.html
Blackview Tab 7 Tablet 10.1 Inch 1280X800 Android 11 6580mAh 3GB 32GB 4G WIFI,275.0,https://www.jumia.com.ng/blackview-tab-7-tablet-10.1-inch-1280x800-android-11-6580mah-3gb-32gb-4g-wifi-210332733.html
"Tecno Droipad 7D Quad Core-1.3GHz (Dual SIM,1GB,16G HDD) 7"" Android Tablet - Grey",110.0,https://www.jumia.com.ng/droipad-7d-quad-core-1.3ghz-dual-sim1gb16g-hdd-7-android-tablet-grey-tecno-mpg115302.html
"Tecno Droipad 7c Pro Mediatek MT8321 Quad Core-1.3GHz 7'' (1GB,16GB HDD,3G,WiFi,Dual SIM) Android Tablet - Silver",95.0,https://www.jumia.com.ng/droipad-7c-pro-silver-tecno-mpg50613.html
"New 10.1"" Tablet 6GB RAM -128GB ROM Eight-core 4G Full Netcom 5GWIFI Smooth Learning Online Class - White",176.0,https://www.jumia.com.ng/generic-new-10.1-tablet-6gb-ram-128gb-rom-eight-core-4g-full-netcom-5gwifi-smooth-learning-online-class-white-133334913.html
Blackview Tab 13 Tablet PC 10.1 Inch 6GB+128GB Android 12 - Blue,326.0,https://www.jumia.com.ng/blackview-tab-13-tablet-pc-10.1-inch-6gb128gb-android-12-blue-215618988.html
"Android Tablet X101 10.1"", 8GB+128GB,Camera 24MP+48MP, Dual Sim Cards+Micro SD Cards",186.0,https://www.jumia.com.ng/generic-android-tablet-x101-10.1-8gb128gbcamera-24mp48mp-dual-sim-cardsmicro-sd-cards-213736531.html
Atouch A36- Kid's Learning Tablet - 16GB ROM - 2GB RAM Screen Guard + Pink,75.0,https://www.jumia.com.ng/a36-kids-learning-tablet-16gb-rom-2gb-ram-screen-guard-pink-atouch-mpg1636771.html
"TECLAST X10, 10.1 Inch, 3G Phablet (1GB RAM + 16GB ROM) Android 6.0, With OTG Function",107.0,https://www.jumia.com.ng/teclast-x10-10.1-inch-3g-phablet-1gb-ram-16gb-rom-android-6.0-with-otg-function-43014500.html
"Innjoo F2 - MTK Dual core-1.3GHz 10.1 (3G,WiFi,1GB,8GB HDD,Dual Sim) Android Tablet - Black",83.0,https://www.jumia.com.ng/f2-mtk-dual-core-1.3ghz-10.1-3g-wifi-1gb-8gb-hdddual-sim-android-tablet-black-innjoo-mpg27876.html
"Android Tablet Pro11 12.9"", 12GB+512GB,Camera 8MP+13MP, Dual Sim Cards+Micro SD Cards",178.0,https://www.jumia.com.ng/generic-android-tablet-pro11-12.9-12gb512gbcamera-8mp13mp-dual-sim-cardsmicro-sd-cards-213741282.html
"Infinix Joypad 8s X801 8"" Quad Core-1GHz (3G,WiFi,1GB,16GB HDD) Android Tablet",56.0,https://www.jumia.com.ng/joypad-8s-x801-8-quad-core-1ghz-3gwifi1gb16gb-hdd-android-tablet-infinix-mpg47086.html
"Lenovo Tab 3 7"" QuadCore-1.3GHz (3G,1GB,16GB HDD,Micro SIM) Android Tablet - Black",108.0,https://www.jumia.com.ng/lenovo-tab-3-7-quadcore-1.3ghz-3g1gb16gb-hddmicro-sim-android-tablet-black-5612811.html
P50 Pro Entertainment And Business Tablet 4+128GB-white,417.0,https://www.jumia.com.ng/generic-p50-pro-entertainment-and-business-tablet-4128gb-white-188607252.html
P50 Pro Entertainment And Business Tablet 4+128GB- Blue,417.0,https://www.jumia.com.ng/generic-p50-pro-entertainment-and-business-tablet-4128gb-blue-188607220.html
P50 Pro Entertainment And Business Tablet 4+128GB-silver,417.0,https://www.jumia.com.ng/generic-p50-pro-entertainment-and-business-tablet-4128gb-silver-188607369.html
"Atouch Kids Learning Tablet Atouch K96 3GB 32GB Android Kids Learning Eduacational Tablet,  Zoom Enable. With Pouch",92.0,https://www.jumia.com.ng/atouch-kids-learning-tablet-atouch-k96-3gb-32gb-android-kids-learning-eduacational-tablet-zoom-enable.-with-pouch-211427138.html
"ZONKO K105 - 10.1"" (2GB, 32GB ROM) Android 9.0 A7 Quad Core BT4.0 Dual Camera 3G Phablet EU - Black",80.0,https://www.jumia.com.ng/zonko-k105-10.1-2gb-32gb-rom-android-9.0-a7-quad-core-bt4.0-dual-camera-3g-phablet-eu-black-44082471.html
"ZONKO ZKT1002 10.1""inch (1GB RAM 16GB ROM ), 3G Phablet  Android 8.1  5.0MP + 2.0MP Dual Cameras 4500mAh - Black",51.0,https://www.jumia.com.ng/zonko-zkt1002-10.1inch-1gb-ram-16gb-rom-3g-phablet-android-8.1-5.0mp-2.0mp-dual-cameras-4500mah-black-42053054.html
Standard Earpiece,7.0,https://www.jumia.com.ng/generic-standard-earpiece-137057872.html
"New 10.1"" Tablet 8GB RAM -128GB ROM Eight-core 4G Full Netcom 5GWIFI Smooth Learning Online Class - White",245.0,https://www.jumia.com.ng/generic-new-10.1-tablet-8gb-ram-128gb-rom-eight-core-4g-full-netcom-5gwifi-smooth-learning-online-class-white-123390502.html
"Android Tablet V62 10.1"", 8GB+256GB,Camera 24MP+48MP, Dual Sim Cards+Micro SD Cards",316.0,https://www.jumia.com.ng/generic-android-tablet-v62-10.1-8gb256gbcamera-24mp48mp-dual-sim-cardsmicro-sd-cards-213751963.html
"Blackview Tab 6 DK034, 8 Inch, 3GB+32GB, Android 11 Tablet - Gold",196.0,https://www.jumia.com.ng/blackview-tab-6-dk034-8-inch-3gb32gb-android-11-tablet-gold-215618991.html
"Blackview Tab 6 DK034, 8 Inch, 3GB+32GB, Android 11 Tablet - Blue",196.0,https://www.jumia.com.ng/blackview-tab-6-dk034-8-inch-3gb32gb-android-11-tablet-blue-215618992.html
"Blackview Tab 7 Kids Tablet, 10.1 Inch, 3GB+32GB, Android 11 - Pink",231.0,https://www.jumia.com.ng/blackview-tab-7-kids-tablet-10.1-inch-3gb32gb-android-11-pink-215619007.html
